phase,candidate,replicate,position,requested_mode,benchmark,workload,config,repeat,actual_mode,elapsed_sec,interval_sec,interval_ops,interval_ops_per_sec,cumulative_ops,cumulative_ops_per_sec,final,log
native-start,native,1,1,native,xindex,a,native,1,native,10.0008,10.0008,279849728,2.79828e+07,279849728,2.79828e+07,0,/home/shin/arbiter/build/arbiter-bench/hotset-broad-sweep-v2-rerun-20261006-110924/rows/001-native-start-native-r01-native/logs/xindex_a_native_r1.log
native-start,native,1,1,native,xindex,a,native,1,native,20.0005,9.99969,280536263,2.80545e+07,560385991,2.80186e+07,0,/home/shin/arbiter/build/arbiter-bench/hotset-broad-sweep-v2-rerun-20261006-110924/rows/001-native-start-native-r01-native/logs/xindex_a_native_r1.log
native-start,native,1,1,native,xindex,a,native,1,native,30.0005,10,279534592,2.79535e+07,839920583,2.79969e+07,0,/home/shin/arbiter/build/arbiter-bench/hotset-broad-sweep-v2-rerun-20261006-110924/rows/001-native-start-native-r01-native/logs/xindex_a_native_r1.log
native-start,native,1,1,native,xindex,a,native,1,native,40.0006,10.0001,280077312,2.80074e+07,1119997895,2.79995e+07,0,/home/shin/arbiter/build/arbiter-bench/hotset-broad-sweep-v2-rerun-20261006-110924/rows/001-native-start-native-r01-native/logs/xindex_a_native_r1.log
native-start,native,1,1,native,xindex,a,native,1,native,50.0044,10.0038,280189184,2.80083e+07,1400187079,2.80013e+07,0,/home/shin/arbiter/build/arbiter-bench/hotset-broad-sweep-v2-rerun-20261006-110924/rows/001-native-start-native-r01-native/logs/xindex_a_native_r1.log
native-start,native,1,1,native,xindex,a,native,1,native,60.0032,9.99881,279865600,2.79899e+07,1680052679,2.79994e+07,1,/home/shin/arbiter/build/arbiter-bench/hotset-broad-sweep-v2-rerun-20261006-110924/rows/001-native-start-native-r01-native/logs/xindex_a_native_r1.log
screen,raw-001,1,2,local,xindex,a,hotset-use-local,1,local,5.00047,5.00047,143481344,2.86936e+07,143481344,2.86936e+07,0,/home/shin/arbiter/build/arbiter-bench/hotset-broad-sweep-v2-rerun-20261006-110924/rows/002-screen-raw-001-r01-local/logs/xindex_a_hotset-use-local_r1.log
screen,raw-001,1,2,local,xindex,a,hotset-use-local,1,local,10.0004,4.9999,143563776,2.87134e+07,287045120,2.87035e+07,0,/home/shin/arbiter/build/arbiter-bench/hotset-broad-sweep-v2-rerun-20261006-110924/rows/002-screen-raw-001-r01-local/logs/xindex_a_hotset-use-local_r1.log
screen,raw-001,1,2,local,xindex,a,hotset-use-local,1,local,15.0039,5.00351,144459950,2.88717e+07,431505070,2.87596e+07,1,/home/shin/arbiter/build/arbiter-bench/hotset-broad-sweep-v2-rerun-20261006-110924/rows/002-screen-raw-001-r01-local/logs/xindex_a_hotset-use-local_r1.log
screen,raw-001,1,3,cxl,xindex,a,hotset-use-target,1,remote,5.00823,5.00823,136442368,2.72436e+07,136442368,2.72436e+07,0,/home/shin/arbiter/build/arbiter-bench/hotset-broad-sweep-v2-rerun-20261006-110924/rows/003-screen-raw-001-r01-cxl/logs/xindex_a_hotset-use-target_r1.log
screen,raw-001,1,3,cxl,xindex,a,hotset-use-target,1,remote,10.0005,4.99231,135718912,2.71856e+07,272161280,2.72147e+07,0,/home/shin/arbiter/build/arbiter-bench/hotset-broad-sweep-v2-rerun-20261006-110924/rows/003-screen-raw-001-r01-cxl/logs/xindex_a_hotset-use-target_r1.log
screen,raw-001,1,3,cxl,xindex,a,hotset-use-target,1,remote,15.004,5.00345,134564323,2.68943e+07,406725603,2.71078e+07,1,/home/shin/arbiter/build/arbiter-bench/hotset-broad-sweep-v2-rerun-20261006-110924/rows/003-screen-raw-001-r01-cxl/logs/xindex_a_hotset-use-target_r1.log
screen,raw-002,1,4,cxl,xindex,a,hotset-use-target,1,remote,5.00405,5.00405,135243008,2.70267e+07,135243008,2.70267e+07,0,/home/shin/arbiter/build/arbiter-bench/hotset-broad-sweep-v2-rerun-20261006-110924/rows/004-screen-raw-002-r01-cxl/logs/xindex_a_hotset-use-target_r1.log
screen,raw-002,1,4,cxl,xindex,a,hotset-use-target,1,remote,10.0005,4.99642,134357760,2.68908e+07,269600768,2.69588e+07,0,/home/shin/arbiter/build/arbiter-bench/hotset-broad-sweep-v2-rerun-20261006-110924/rows/004-screen-raw-002-r01-cxl/logs/xindex_a_hotset-use-target_r1.log
screen,raw-002,1,4,cxl,xindex,a,hotset-use-target,1,remote,15.0036,5.00317,134282897,2.68396e+07,403883665,2.6919e+07,1,/home/shin/arbiter/build/arbiter-bench/hotset-broad-sweep-v2-rerun-20261006-110924/rows/004-screen-raw-002-r01-cxl/logs/xindex_a_hotset-use-target_r1.log
screen,raw-002,1,5,local,xindex,a,hotset-use-local,1,local,5.00078,5.00078,127580928,2.55122e+07,127580928,2.55122e+07,0,/home/shin/arbiter/build/arbiter-bench/hotset-broad-sweep-v2-rerun-20261006-110924/rows/005-screen-raw-002-r01-local/logs/xindex_a_hotset-use-local_r1.log
screen,raw-002,1,5,local,xindex,a,hotset-use-local,1,local,10.0006,4.99979,126545664,2.53102e+07,254126592,2.54112e+07,0,/home/shin/arbiter/build/arbiter-bench/hotset-broad-sweep-v2-rerun-20261006-110924/rows/005-screen-raw-002-r01-local/logs/xindex_a_hotset-use-local_r1.log
screen,raw-002,1,5,local,xindex,a,hotset-use-local,1,local,15.0055,5.00489,126917177,2.53586e+07,381043769,2.53937e+07,1,/home/shin/arbiter/build/arbiter-bench/hotset-broad-sweep-v2-rerun-20261006-110924/rows/005-screen-raw-002-r01-local/logs/xindex_a_hotset-use-local_r1.log
screen,raw-003,1,6,local,xindex,a,hotset-use-local,1,local,5.00426,5.00426,143668992,2.87094e+07,143668992,2.87094e+07,0,/home/shin/arbiter/build/arbiter-bench/hotset-broad-sweep-v2-rerun-20261006-110924/rows/006-screen-raw-003-r01-local/logs/xindex_a_hotset-use-local_r1.log
screen,raw-003,1,6,local,xindex,a,hotset-use-local,1,local,10.0006,4.99632,143450112,2.87112e+07,287119104,2.87103e+07,0,/home/shin/arbiter/build/arbiter-bench/hotset-broad-sweep-v2-rerun-20261006-110924/rows/006-screen-raw-003-r01-local/logs/xindex_a_hotset-use-local_r1.log
screen,raw-003,1,6,local,xindex,a,hotset-use-local,1,local,15.0041,5.00348,142815943,2.85433e+07,429935047,2.86546e+07,1,/home/shin/arbiter/build/arbiter-bench/hotset-broad-sweep-v2-rerun-20261006-110924/rows/006-screen-raw-003-r01-local/logs/xindex_a_hotset-use-local_r1.log
screen,raw-003,1,7,cxl,xindex,a,hotset-use-target,1,remote,5.00027,5.00027,213866240,4.2771e+07,213866240,4.2771e+07,0,/home/shin/arbiter/build/arbiter-bench/hotset-broad-sweep-v2-rerun-20261006-110924/rows/007-screen-raw-003-r01-cxl/logs/xindex_a_hotset-use-target_r1.log
screen,raw-003,1,7,cxl,xindex,a,hotset-use-target,1,remote,10.0004,5.0001,211339349,4.2267e+07,425205589,4.2519e+07,0,/home/shin/arbiter/build/arbiter-bench/hotset-broad-sweep-v2-rerun-20261006-110924/rows/007-screen-raw-003-r01-cxl/logs/xindex_a_hotset-use-target_r1.log
screen,raw-003,1,7,cxl,xindex,a,hotset-use-target,1,remote,15.0036,5.00325,209562283,4.18853e+07,634767872,4.23077e+07,1,/home/shin/arbiter/build/arbiter-bench/hotset-broad-sweep-v2-rerun-20261006-110924/rows/007-screen-raw-003-r01-cxl/logs/xindex_a_hotset-use-target_r1.log
screen,raw-004,1,8,cxl,xindex,a,hotset-use-target,1,remote,5.00415,5.00415,205200128,4.1006e+07,205200128,4.1006e+07,0,/home/shin/arbiter/build/arbiter-bench/hotset-broad-sweep-v2-rerun-20261006-110924/rows/008-screen-raw-004-r01-cxl/logs/xindex_a_hotset-use-target_r1.log
screen,raw-004,1,8,cxl,xindex,a,hotset-use-target,1,remote,10.0041,4.99994,206844501,4.13694e+07,412044629,4.11876e+07,0,/home/shin/arbiter/build/arbiter-bench/hotset-broad-sweep-v2-rerun-20261006-110924/rows/008-screen-raw-004-r01-cxl/logs/xindex_a_hotset-use-target_r1.log
screen,raw-004,1,8,cxl,xindex,a,hotset-use-target,1,remote,15.0039,4.9998,206622379,4.13261e+07,618667008,4.12338e+07,1,/home/shin/arbiter/build/arbiter-bench/hotset-broad-sweep-v2-rerun-20261006-110924/rows/008-screen-raw-004-r01-cxl/logs/xindex_a_hotset-use-target_r1.log
screen,raw-004,1,9,local,xindex,a,hotset-use-local,1,local,5.00405,5.00405,142852608,2.85474e+07,142852608,2.85474e+07,0,/home/shin/arbiter/build/arbiter-bench/hotset-broad-sweep-v2-rerun-20261006-110924/rows/009-screen-raw-004-r01-local/logs/xindex_a_hotset-use-local_r1.log
screen,raw-004,1,9,local,xindex,a,hotset-use-local,1,local,10.0007,4.99662,142925568,2.86044e+07,285778176,2.85759e+07,0,/home/shin/arbiter/build/arbiter-bench/hotset-broad-sweep-v2-rerun-20261006-110924/rows/009-screen-raw-004-r01-local/logs/xindex_a_hotset-use-local_r1.log
screen,raw-004,1,9,local,xindex,a,hotset-use-local,1,local,15.0019,5.00124,141928590,2.83787e+07,427706766,2.85101e+07,1,/home/shin/arbiter/build/arbiter-bench/hotset-broad-sweep-v2-rerun-20261006-110924/rows/009-screen-raw-004-r01-local/logs/xindex_a_hotset-use-local_r1.log
screen,raw-009,1,10,local,xindex,a,hotset-use-local,1,local,5.00405,5.00405,135231232,2.70244e+07,135231232,2.70244e+07,0,/home/shin/arbiter/build/arbiter-bench/hotset-broad-sweep-v2-rerun-20261006-110924/rows/010-screen-raw-009-r01-local/logs/xindex_a_hotset-use-local_r1.log
screen,raw-009,1,10,local,xindex,a,hotset-use-local,1,local,10.0007,4.99663,135035648,2.70254e+07,270266880,2.70249e+07,0,/home/shin/arbiter/build/arbiter-bench/hotset-broad-sweep-v2-rerun-20261006-110924/rows/010-screen-raw-009-r01-local/logs/xindex_a_hotset-use-local_r1.log
screen,raw-009,1,10,local,xindex,a,hotset-use-local,1,local,15.0038,5.00316,134741845,2.69314e+07,405008725,2.69937e+07,1,/home/shin/arbiter/build/arbiter-bench/hotset-broad-sweep-v2-rerun-20261006-110924/rows/010-screen-raw-009-r01-local/logs/xindex_a_hotset-use-local_r1.log
screen,raw-009,1,11,cxl,xindex,a,hotset-use-target,1,remote,5.00027,5.00027,221174016,4.42324e+07,221174016,4.42324e+07,0,/home/shin/arbiter/build/arbiter-bench/hotset-broad-sweep-v2-rerun-20261006-110924/rows/011-screen-raw-009-r01-cxl/logs/xindex_a_hotset-use-target_r1.log
screen,raw-009,1,11,cxl,xindex,a,hotset-use-target,1,remote,10.0043,5.00403,221888085,4.43418e+07,443062101,4.42872e+07,0,/home/shin/arbiter/build/arbiter-bench/hotset-broad-sweep-v2-rerun-20261006-110924/rows/011-screen-raw-009-r01-cxl/logs/xindex_a_hotset-use-target_r1.log
screen,raw-009,1,11,cxl,xindex,a,hotset-use-target,1,remote,15.0036,4.99926,219208107,4.38481e+07,662270208,4.41409e+07,1,/home/shin/arbiter/build/arbiter-bench/hotset-broad-sweep-v2-rerun-20261006-110924/rows/011-screen-raw-009-r01-cxl/logs/xindex_a_hotset-use-target_r1.log
screen,raw-013,1,12,cxl,xindex,a,hotset-use-target,1,remote,5.00027,5.00027,286048256,5.72066e+07,286048256,5.72066e+07,0,/home/shin/arbiter/build/arbiter-bench/hotset-broad-sweep-v2-rerun-20261006-110924/rows/012-screen-raw-013-r01-cxl/logs/xindex_a_hotset-use-target_r1.log
screen,raw-013,1,12,cxl,xindex,a,hotset-use-target,1,remote,10.0003,5,287403776,5.74808e+07,573452032,5.73437e+07,0,/home/shin/arbiter/build/arbiter-bench/hotset-broad-sweep-v2-rerun-20261006-110924/rows/012-screen-raw-013-r01-cxl/logs/xindex_a_hotset-use-target_r1.log
screen,raw-013,1,12,cxl,xindex,a,hotset-use-target,1,remote,15.0035,5.0032,288789077,5.77208e+07,862241109,5.74694e+07,1,/home/shin/arbiter/build/arbiter-bench/hotset-broad-sweep-v2-rerun-20261006-110924/rows/012-screen-raw-013-r01-cxl/logs/xindex_a_hotset-use-target_r1.log
screen,raw-013,1,13,local,xindex,a,hotset-use-local,1,local,5.00436,5.00436,135620096,2.71004e+07,135620096,2.71004e+07,0,/home/shin/arbiter/build/arbiter-bench/hotset-broad-sweep-v2-rerun-20261006-110924/rows/013-screen-raw-013-r01-local/logs/xindex_a_hotset-use-local_r1.log
screen,raw-013,1,13,local,xindex,a,hotset-use-local,1,local,10.0005,4.99611,135900416,2.72012e+07,271520512,2.71508e+07,0,/home/shin/arbiter/build/arbiter-bench/hotset-broad-sweep-v2-rerun-20261006-110924/rows/013-screen-raw-013-r01-local/logs/xindex_a_hotset-use-local_r1.log
screen,raw-013,1,13,local,xindex,a,hotset-use-local,1,local,15.0037,5.00319,135751367,2.7133e+07,407271879,2.71448e+07,1,/home/shin/arbiter/build/arbiter-bench/hotset-broad-sweep-v2-rerun-20261006-110924/rows/013-screen-raw-013-r01-local/logs/xindex_a_hotset-use-local_r1.log
screen,raw-014,1,14,local,xindex,a,hotset-use-local,1,local,5.00426,5.00426,138110208,2.75985e+07,138110208,2.75985e+07,0,/home/shin/arbiter/build/arbiter-bench/hotset-broad-sweep-v2-rerun-20261006-110924/rows/014-screen-raw-014-r01-local/logs/xindex_a_hotset-use-local_r1.log
screen,raw-014,1,14,local,xindex,a,hotset-use-local,1,local,10.0005,4.99621,137720576,2.7565e+07,275830784,2.75818e+07,0,/home/shin/arbiter/build/arbiter-bench/hotset-broad-sweep-v2-rerun-20261006-110924/rows/014-screen-raw-014-r01-local/logs/xindex_a_hotset-use-local_r1.log
screen,raw-014,1,14,local,xindex,a,hotset-use-local,1,local,15.0027,5.00223,137142215,2.74162e+07,412972999,2.75266e+07,1,/home/shin/arbiter/build/arbiter-bench/hotset-broad-sweep-v2-rerun-20261006-110924/rows/014-screen-raw-014-r01-local/logs/xindex_a_hotset-use-local_r1.log
screen,raw-014,1,15,cxl,xindex,a,hotset-use-target,1,remote,5.00526,5.00526,224398848,4.48326e+07,224398848,4.48326e+07,0,/home/shin/arbiter/build/arbiter-bench/hotset-broad-sweep-v2-rerun-20261006-110924/rows/015-screen-raw-014-r01-cxl/logs/xindex_a_hotset-use-target_r1.log
screen,raw-014,1,15,cxl,xindex,a,hotset-use-target,1,remote,10.0004,4.99511,223326126,4.4709e+07,447724974,4.47709e+07,0,/home/shin/arbiter/build/arbiter-bench/hotset-broad-sweep-v2-rerun-20261006-110924/rows/015-screen-raw-014-r01-cxl/logs/xindex_a_hotset-use-target_r1.log
screen,raw-014,1,15,cxl,xindex,a,hotset-use-target,1,remote,15.004,5.00362,224227410,4.4813e+07,671952384,4.47849e+07,1,/home/shin/arbiter/build/arbiter-bench/hotset-broad-sweep-v2-rerun-20261006-110924/rows/015-screen-raw-014-r01-cxl/logs/xindex_a_hotset-use-target_r1.log
screen,raw-021,1,16,cxl,xindex,a,hotset-use-target,1,remote,5.00859,5.00859,281259520,5.61554e+07,281259520,5.61554e+07,0,/home/shin/arbiter/build/arbiter-bench/hotset-broad-sweep-v2-rerun-20261006-110924/rows/016-screen-raw-021-r01-cxl/logs/xindex_a_hotset-use-target_r1.log
screen,raw-021,1,16,cxl,xindex,a,hotset-use-target,1,remote,10.0003,4.99168,284073472,5.69094e+07,565332992,5.65318e+07,0,/home/shin/arbiter/build/arbiter-bench/hotset-broad-sweep-v2-rerun-20261006-110924/rows/016-screen-raw-021-r01-cxl/logs/xindex_a_hotset-use-target_r1.log
screen,raw-021,1,16,cxl,xindex,a,hotset-use-target,1,remote,15.0049,5.0046,282134158,5.6375e+07,847467150,5.64795e+07,1,/home/shin/arbiter/build/arbiter-bench/hotset-broad-sweep-v2-rerun-20261006-110924/rows/016-screen-raw-021-r01-cxl/logs/xindex_a_hotset-use-target_r1.log
screen,raw-021,1,17,local,xindex,a,hotset-use-local,1,local,5.00869,5.00869,128977920,2.57508e+07,128977920,2.57508e+07,0,/home/shin/arbiter/build/arbiter-bench/hotset-broad-sweep-v2-rerun-20261006-110924/rows/017-screen-raw-021-r01-local/logs/xindex_a_hotset-use-local_r1.log
screen,raw-021,1,17,local,xindex,a,hotset-use-local,1,local,10.0006,4.99188,128995328,2.5841e+07,257973248,2.57959e+07,0,/home/shin/arbiter/build/arbiter-bench/hotset-broad-sweep-v2-rerun-20261006-110924/rows/017-screen-raw-021-r01-local/logs/xindex_a_hotset-use-local_r1.log
screen,raw-021,1,17,local,xindex,a,hotset-use-local,1,local,15.0037,5.00308,128411762,2.56665e+07,386385010,2.57527e+07,1,/home/shin/arbiter/build/arbiter-bench/hotset-broad-sweep-v2-rerun-20261006-110924/rows/017-screen-raw-021-r01-local/logs/xindex_a_hotset-use-local_r1.log
screen,raw-030,1,18,local,xindex,a,hotset-use-local,1,local,5.0041,5.0041,141290752,2.8235e+07,141290752,2.8235e+07,0,/home/shin/arbiter/build/arbiter-bench/hotset-broad-sweep-v2-rerun-20261006-110924/rows/018-screen-raw-030-r01-local/logs/xindex_a_hotset-use-local_r1.log
screen,raw-030,1,18,local,xindex,a,hotset-use-local,1,local,10.0005,4.99638,140729344,2.81663e+07,282020096,2.82007e+07,0,/home/shin/arbiter/build/arbiter-bench/hotset-broad-sweep-v2-rerun-20261006-110924/rows/018-screen-raw-030-r01-local/logs/xindex_a_hotset-use-local_r1.log
screen,raw-030,1,18,local,xindex,a,hotset-use-local,1,local,15.0038,5.00336,139866055,2.79544e+07,421886151,2.81186e+07,1,/home/shin/arbiter/build/arbiter-bench/hotset-broad-sweep-v2-rerun-20261006-110924/rows/018-screen-raw-030-r01-local/logs/xindex_a_hotset-use-local_r1.log
screen,raw-030,1,19,cxl,xindex,a,hotset-use-target,1,remote,5.00047,5.00047,204937984,4.09837e+07,204937984,4.09837e+07,0,/home/shin/arbiter/build/arbiter-bench/hotset-broad-sweep-v2-rerun-20261006-110924/rows/019-screen-raw-030-r01-cxl/logs/xindex_a_hotset-use-target_r1.log
screen,raw-030,1,19,cxl,xindex,a,hotset-use-target,1,remote,10.0004,4.99989,199371011,3.98751e+07,404308995,4.04294e+07,0,/home/shin/arbiter/build/arbiter-bench/hotset-broad-sweep-v2-rerun-20261006-110924/rows/019-screen-raw-030-r01-cxl/logs/xindex_a_hotset-use-target_r1.log
screen,raw-030,1,19,cxl,xindex,a,hotset-use-target,1,remote,15.0017,5.00138,205695997,4.11279e+07,610004992,4.06623e+07,1,/home/shin/arbiter/build/arbiter-bench/hotset-broad-sweep-v2-rerun-20261006-110924/rows/019-screen-raw-030-r01-cxl/logs/xindex_a_hotset-use-target_r1.log
screen,raw-035,1,20,cxl,xindex,a,hotset-use-target,1,remote,5.00426,5.00426,142859264,2.85475e+07,142859264,2.85475e+07,0,/home/shin/arbiter/build/arbiter-bench/hotset-broad-sweep-v2-rerun-20261006-110924/rows/020-screen-raw-035-r01-cxl/logs/xindex_a_hotset-use-target_r1.log
screen,raw-035,1,20,cxl,xindex,a,hotset-use-target,1,remote,10.0004,4.99611,142091008,2.84403e+07,284950272,2.8494e+07,0,/home/shin/arbiter/build/arbiter-bench/hotset-broad-sweep-v2-rerun-20261006-110924/rows/020-screen-raw-035-r01-cxl/logs/xindex_a_hotset-use-target_r1.log
screen,raw-035,1,20,cxl,xindex,a,hotset-use-target,1,remote,15.0042,5.00378,141496263,2.82779e+07,426446535,2.84219e+07,1,/home/shin/arbiter/build/arbiter-bench/hotset-broad-sweep-v2-rerun-20261006-110924/rows/020-screen-raw-035-r01-cxl/logs/xindex_a_hotset-use-target_r1.log
screen,raw-035,1,21,local,xindex,a,hotset-use-local,1,local,5.00078,5.00078,125162752,2.50286e+07,125162752,2.50286e+07,0,/home/shin/arbiter/build/arbiter-bench/hotset-broad-sweep-v2-rerun-20261006-110924/rows/021-screen-raw-035-r01-local/logs/xindex_a_hotset-use-local_r1.log
screen,raw-035,1,21,local,xindex,a,hotset-use-local,1,local,10.0005,4.99969,125758976,2.51534e+07,250921728,2.5091e+07,0,/home/shin/arbiter/build/arbiter-bench/hotset-broad-sweep-v2-rerun-20261006-110924/rows/021-screen-raw-035-r01-local/logs/xindex_a_hotset-use-local_r1.log
screen,raw-035,1,21,local,xindex,a,hotset-use-local,1,local,15.0037,5.00319,125515008,2.5087e+07,376436736,2.50897e+07,1,/home/shin/arbiter/build/arbiter-bench/hotset-broad-sweep-v2-rerun-20261006-110924/rows/021-screen-raw-035-r01-local/logs/xindex_a_hotset-use-local_r1.log
screen,raw-036,1,22,local,xindex,a,hotset-use-local,1,local,5.00068,5.00068,142000640,2.83963e+07,142000640,2.83963e+07,0,/home/shin/arbiter/build/arbiter-bench/hotset-broad-sweep-v2-rerun-20261006-110924/rows/022-screen-raw-036-r01-local/logs/xindex_a_hotset-use-local_r1.log
screen,raw-036,1,22,local,xindex,a,hotset-use-local,1,local,10.0005,4.99979,142232320,2.84476e+07,284232960,2.8422e+07,0,/home/shin/arbiter/build/arbiter-bench/hotset-broad-sweep-v2-rerun-20261006-110924/rows/022-screen-raw-036-r01-local/logs/xindex_a_hotset-use-local_r1.log
screen,raw-036,1,22,local,xindex,a,hotset-use-local,1,local,15.0036,5.00311,141764039,2.83352e+07,425996999,2.8393e+07,1,/home/shin/arbiter/build/arbiter-bench/hotset-broad-sweep-v2-rerun-20261006-110924/rows/022-screen-raw-036-r01-local/logs/xindex_a_hotset-use-local_r1.log
screen,raw-036,1,23,cxl,xindex,a,hotset-use-target,1,remote,5.00848,5.00848,216088320,4.31445e+07,216088320,4.31445e+07,0,/home/shin/arbiter/build/arbiter-bench/hotset-broad-sweep-v2-rerun-20261006-110924/rows/023-screen-raw-036-r01-cxl/logs/xindex_a_hotset-use-target_r1.log
screen,raw-036,1,23,cxl,xindex,a,hotset-use-target,1,remote,10.0003,4.99178,215064462,4.30837e+07,431152782,4.31141e+07,0,/home/shin/arbiter/build/arbiter-bench/hotset-broad-sweep-v2-rerun-20261006-110924/rows/023-screen-raw-036-r01-cxl/logs/xindex_a_hotset-use-target_r1.log
screen,raw-036,1,23,cxl,xindex,a,hotset-use-target,1,remote,15.0044,5.00412,215167346,4.29981e+07,646320128,4.30754e+07,1,/home/shin/arbiter/build/arbiter-bench/hotset-broad-sweep-v2-rerun-20261006-110924/rows/023-screen-raw-036-r01-cxl/logs/xindex_a_hotset-use-target_r1.log
screen,raw-039,1,24,cxl,xindex,a,hotset-use-target,1,remote,5.00463,5.00463,282213120,5.63904e+07,282213120,5.63904e+07,0,/home/shin/arbiter/build/arbiter-bench/hotset-broad-sweep-v2-rerun-20261006-110924/rows/024-screen-raw-039-r01-cxl/logs/xindex_a_hotset-use-target_r1.log
screen,raw-039,1,24,cxl,xindex,a,hotset-use-target,1,remote,10.0007,4.99605,282893824,5.66235e+07,565106944,5.65069e+07,0,/home/shin/arbiter/build/arbiter-bench/hotset-broad-sweep-v2-rerun-20261006-110924/rows/024-screen-raw-039-r01-cxl/logs/xindex_a_hotset-use-target_r1.log
screen,raw-039,1,24,cxl,xindex,a,hotset-use-target,1,remote,15.004,5.00333,283319125,5.66261e+07,848426069,5.65466e+07,1,/home/shin/arbiter/build/arbiter-bench/hotset-broad-sweep-v2-rerun-20261006-110924/rows/024-screen-raw-039-r01-cxl/logs/xindex_a_hotset-use-target_r1.log
screen,raw-039,1,25,local,xindex,a,hotset-use-local,1,local,5.00068,5.00068,139387136,2.78737e+07,139387136,2.78737e+07,0,/home/shin/arbiter/build/arbiter-bench/hotset-broad-sweep-v2-rerun-20261006-110924/rows/025-screen-raw-039-r01-local/logs/xindex_a_hotset-use-local_r1.log
screen,raw-039,1,25,local,xindex,a,hotset-use-local,1,local,10.0005,4.9998,139315456,2.78642e+07,278702592,2.78689e+07,0,/home/shin/arbiter/build/arbiter-bench/hotset-broad-sweep-v2-rerun-20261006-110924/rows/025-screen-raw-039-r01-local/logs/xindex_a_hotset-use-local_r1.log
screen,raw-039,1,25,local,xindex,a,hotset-use-local,1,local,15.0052,5.00474,139212686,2.78162e+07,417915278,2.78513e+07,1,/home/shin/arbiter/build/arbiter-bench/hotset-broad-sweep-v2-rerun-20261006-110924/rows/025-screen-raw-039-r01-local/logs/xindex_a_hotset-use-local_r1.log
screen,raw-043,1,26,local,xindex,a,hotset-use-local,1,local,5.0055,5.0055,141866496,2.83421e+07,141866496,2.83421e+07,0,/home/shin/arbiter/build/arbiter-bench/hotset-broad-sweep-v2-rerun-20261006-110924/rows/026-screen-raw-043-r01-local/logs/xindex_a_hotset-use-local_r1.log
screen,raw-043,1,26,local,xindex,a,hotset-use-local,1,local,10.0005,4.99497,142867968,2.86024e+07,284734464,2.84721e+07,0,/home/shin/arbiter/build/arbiter-bench/hotset-broad-sweep-v2-rerun-20261006-110924/rows/026-screen-raw-043-r01-local/logs/xindex_a_hotset-use-local_r1.log
screen,raw-043,1,26,local,xindex,a,hotset-use-local,1,local,15.0038,5.00332,142126478,2.84064e+07,426860942,2.84502e+07,1,/home/shin/arbiter/build/arbiter-bench/hotset-broad-sweep-v2-rerun-20261006-110924/rows/026-screen-raw-043-r01-local/logs/xindex_a_hotset-use-local_r1.log
screen,raw-043,1,27,cxl,xindex,a,hotset-use-target,1,remote,5.00026,5.00026,289047808,5.78065e+07,289047808,5.78065e+07,0,/home/shin/arbiter/build/arbiter-bench/hotset-broad-sweep-v2-rerun-20261006-110924/rows/027-screen-raw-043-r01-cxl/logs/xindex_a_hotset-use-target_r1.log
screen,raw-043,1,27,cxl,xindex,a,hotset-use-target,1,remote,10.004,5.00377,292163072,5.83886e+07,581210880,5.80977e+07,0,/home/shin/arbiter/build/arbiter-bench/hotset-broad-sweep-v2-rerun-20261006-110924/rows/027-screen-raw-043-r01-cxl/logs/xindex_a_hotset-use-target_r1.log
screen,raw-043,1,27,cxl,xindex,a,hotset-use-target,1,remote,15.004,4.99999,291723150,5.83447e+07,872934030,5.818e+07,1,/home/shin/arbiter/build/arbiter-bench/hotset-broad-sweep-v2-rerun-20261006-110924/rows/027-screen-raw-043-r01-cxl/logs/xindex_a_hotset-use-target_r1.log
screen,raw-046,1,28,cxl,xindex,a,hotset-use-target,1,remote,5.00415,5.00415,286915072,5.73354e+07,286915072,5.73354e+07,0,/home/shin/arbiter/build/arbiter-bench/hotset-broad-sweep-v2-rerun-20261006-110924/rows/028-screen-raw-046-r01-cxl/logs/xindex_a_hotset-use-target_r1.log
screen,raw-046,1,28,cxl,xindex,a,hotset-use-target,1,remote,10.0003,4.99611,287134464,5.74716e+07,574049536,5.74034e+07,0,/home/shin/arbiter/build/arbiter-bench/hotset-broad-sweep-v2-rerun-20261006-110924/rows/028-screen-raw-046-r01-cxl/logs/xindex_a_hotset-use-target_r1.log
screen,raw-046,1,28,cxl,xindex,a,hotset-use-target,1,remote,15.003,5.00269,291296711,5.8228e+07,865346247,5.76784e+07,1,/home/shin/arbiter/build/arbiter-bench/hotset-broad-sweep-v2-rerun-20261006-110924/rows/028-screen-raw-046-r01-cxl/logs/xindex_a_hotset-use-target_r1.log
screen,raw-046,1,29,local,xindex,a,hotset-use-local,1,local,5.00902,5.00902,130959872,2.61448e+07,130959872,2.61448e+07,0,/home/shin/arbiter/build/arbiter-bench/hotset-broad-sweep-v2-rerun-20261006-110924/rows/029-screen-raw-046-r01-local/logs/xindex_a_hotset-use-local_r1.log
screen,raw-046,1,29,local,xindex,a,hotset-use-local,1,local,10.0006,4.99156,131428096,2.63301e+07,262387968,2.62373e+07,0,/home/shin/arbiter/build/arbiter-bench/hotset-broad-sweep-v2-rerun-20261006-110924/rows/029-screen-raw-046-r01-local/logs/xindex_a_hotset-use-local_r1.log
screen,raw-046,1,29,local,xindex,a,hotset-use-local,1,local,15.003,5.00238,130659499,2.61195e+07,393047467,2.6198e+07,1,/home/shin/arbiter/build/arbiter-bench/hotset-broad-sweep-v2-rerun-20261006-110924/rows/029-screen-raw-046-r01-local/logs/xindex_a_hotset-use-local_r1.log
screen,raw-047,1,30,local,xindex,a,hotset-use-local,1,local,5.0054,5.0054,146856704,2.93397e+07,146856704,2.93397e+07,0,/home/shin/arbiter/build/arbiter-bench/hotset-broad-sweep-v2-rerun-20261006-110924/rows/030-screen-raw-047-r01-local/logs/xindex_a_hotset-use-local_r1.log
screen,raw-047,1,30,local,xindex,a,hotset-use-local,1,local,10.0004,4.99497,145570304,2.91434e+07,292427008,2.92416e+07,0,/home/shin/arbiter/build/arbiter-bench/hotset-broad-sweep-v2-rerun-20261006-110924/rows/030-screen-raw-047-r01-local/logs/xindex_a_hotset-use-local_r1.log
screen,raw-047,1,30,local,xindex,a,hotset-use-local,1,local,15.0039,5.00354,145366983,2.90528e+07,437793991,2.91787e+07,1,/home/shin/arbiter/build/arbiter-bench/hotset-broad-sweep-v2-rerun-20261006-110924/rows/030-screen-raw-047-r01-local/logs/xindex_a_hotset-use-local_r1.log
screen,raw-047,1,31,cxl,xindex,a,hotset-use-target,1,remote,5.00415,5.00415,205229568,4.10119e+07,205229568,4.10119e+07,0,/home/shin/arbiter/build/arbiter-bench/hotset-broad-sweep-v2-rerun-20261006-110924/rows/031-screen-raw-047-r01-cxl/logs/xindex_a_hotset-use-target_r1.log
screen,raw-047,1,31,cxl,xindex,a,hotset-use-target,1,remote,10.0042,5,205964885,4.1193e+07,411194453,4.11024e+07,0,/home/shin/arbiter/build/arbiter-bench/hotset-broad-sweep-v2-rerun-20261006-110924/rows/031-screen-raw-047-r01-cxl/logs/xindex_a_hotset-use-target_r1.log
screen,raw-047,1,31,cxl,xindex,a,hotset-use-target,1,remote,15.0037,4.99955,205073579,4.10184e+07,616268032,4.10744e+07,1,/home/shin/arbiter/build/arbiter-bench/hotset-broad-sweep-v2-rerun-20261006-110924/rows/031-screen-raw-047-r01-cxl/logs/xindex_a_hotset-use-target_r1.log
screen,raw-063,1,32,cxl,xindex,a,hotset-use-target,1,remote,5.00037,5.00037,135726848,2.71434e+07,135726848,2.71434e+07,0,/home/shin/arbiter/build/arbiter-bench/hotset-broad-sweep-v2-rerun-20261006-110924/rows/032-screen-raw-063-r01-cxl/logs/xindex_a_hotset-use-target_r1.log
screen,raw-063,1,32,cxl,xindex,a,hotset-use-target,1,remote,10.0007,5.00031,137617920,2.75219e+07,273344768,2.73326e+07,0,/home/shin/arbiter/build/arbiter-bench/hotset-broad-sweep-v2-rerun-20261006-110924/rows/032-screen-raw-063-r01-cxl/logs/xindex_a_hotset-use-target_r1.log
screen,raw-063,1,32,cxl,xindex,a,hotset-use-target,1,remote,15.002,5.00136,136641141,2.73208e+07,409985909,2.73287e+07,1,/home/shin/arbiter/build/arbiter-bench/hotset-broad-sweep-v2-rerun-20261006-110924/rows/032-screen-raw-063-r01-cxl/logs/xindex_a_hotset-use-target_r1.log
screen,raw-063,1,33,local,xindex,a,hotset-use-local,1,local,5.00426,5.00426,140840704,2.81442e+07,140840704,2.81442e+07,0,/home/shin/arbiter/build/arbiter-bench/hotset-broad-sweep-v2-rerun-20261006-110924/rows/033-screen-raw-063-r01-local/logs/xindex_a_hotset-use-local_r1.log
screen,raw-063,1,33,local,xindex,a,hotset-use-local,1,local,10.0005,4.99621,139652352,2.79516e+07,280493056,2.8048e+07,0,/home/shin/arbiter/build/arbiter-bench/hotset-broad-sweep-v2-rerun-20261006-110924/rows/033-screen-raw-063-r01-local/logs/xindex_a_hotset-use-local_r1.log
screen,raw-063,1,33,local,xindex,a,hotset-use-local,1,local,15.0021,5.00165,139545543,2.78999e+07,420038599,2.79986e+07,1,/home/shin/arbiter/build/arbiter-bench/hotset-broad-sweep-v2-rerun-20261006-110924/rows/033-screen-raw-063-r01-local/logs/xindex_a_hotset-use-local_r1.log
screen,raw-081,1,34,local,xindex,a,hotset-use-local,1,local,5.00058,5.00058,136860160,2.73689e+07,136860160,2.73689e+07,0,/home/shin/arbiter/build/arbiter-bench/hotset-broad-sweep-v2-rerun-20261006-110924/rows/034-screen-raw-081-r01-local/logs/xindex_a_hotset-use-local_r1.log
screen,raw-081,1,34,local,xindex,a,hotset-use-local,1,local,10.0005,4.99989,135985152,2.71976e+07,272845312,2.72832e+07,0,/home/shin/arbiter/build/arbiter-bench/hotset-broad-sweep-v2-rerun-20261006-110924/rows/034-screen-raw-081-r01-local/logs/xindex_a_hotset-use-local_r1.log
screen,raw-081,1,34,local,xindex,a,hotset-use-local,1,local,15.0016,5.00116,136170979,2.72279e+07,409016291,2.72648e+07,1,/home/shin/arbiter/build/arbiter-bench/hotset-broad-sweep-v2-rerun-20261006-110924/rows/034-screen-raw-081-r01-local/logs/xindex_a_hotset-use-local_r1.log
screen,raw-081,1,35,cxl,xindex,a,hotset-use-target,1,remote,5.0042,5.0042,227102976,4.53825e+07,227102976,4.53825e+07,0,/home/shin/arbiter/build/arbiter-bench/hotset-broad-sweep-v2-rerun-20261006-110924/rows/035-screen-raw-081-r01-cxl/logs/xindex_a_hotset-use-target_r1.log
screen,raw-081,1,35,cxl,xindex,a,hotset-use-target,1,remote,10.0004,4.99617,225349319,4.51044e+07,452452295,4.52436e+07,0,/home/shin/arbiter/build/arbiter-bench/hotset-broad-sweep-v2-rerun-20261006-110924/rows/035-screen-raw-081-r01-cxl/logs/xindex_a_hotset-use-target_r1.log
screen,raw-081,1,35,cxl,xindex,a,hotset-use-target,1,remote,15.0051,5.00478,227309625,4.54185e+07,679761920,4.53019e+07,1,/home/shin/arbiter/build/arbiter-bench/hotset-broad-sweep-v2-rerun-20261006-110924/rows/035-screen-raw-081-r01-cxl/logs/xindex_a_hotset-use-target_r1.log
screen,raw-082,1,36,cxl,xindex,a,hotset-use-target,1,remote,5.00027,5.00027,234820864,4.69617e+07,234820864,4.69617e+07,0,/home/shin/arbiter/build/arbiter-bench/hotset-broad-sweep-v2-rerun-20261006-110924/rows/036-screen-raw-082-r01-cxl/logs/xindex_a_hotset-use-target_r1.log
screen,raw-082,1,36,cxl,xindex,a,hotset-use-target,1,remote,10.0003,5,234311879,4.68624e+07,469132743,4.6912e+07,0,/home/shin/arbiter/build/arbiter-bench/hotset-broad-sweep-v2-rerun-20261006-110924/rows/036-screen-raw-082-r01-cxl/logs/xindex_a_hotset-use-target_r1.log
screen,raw-082,1,36,cxl,xindex,a,hotset-use-target,1,remote,15.0035,5.00325,235656249,4.71006e+07,704788992,4.69749e+07,1,/home/shin/arbiter/build/arbiter-bench/hotset-broad-sweep-v2-rerun-20261006-110924/rows/036-screen-raw-082-r01-cxl/logs/xindex_a_hotset-use-target_r1.log
screen,raw-082,1,37,local,xindex,a,hotset-use-local,1,local,5.00929,5.00929,135375104,2.70248e+07,135375104,2.70248e+07,0,/home/shin/arbiter/build/arbiter-bench/hotset-broad-sweep-v2-rerun-20261006-110924/rows/037-screen-raw-082-r01-local/logs/xindex_a_hotset-use-local_r1.log
screen,raw-082,1,37,local,xindex,a,hotset-use-local,1,local,10.0005,4.99118,135117824,2.70713e+07,270492928,2.7048e+07,0,/home/shin/arbiter/build/arbiter-bench/hotset-broad-sweep-v2-rerun-20261006-110924/rows/037-screen-raw-082-r01-local/logs/xindex_a_hotset-use-local_r1.log
screen,raw-082,1,37,local,xindex,a,hotset-use-local,1,local,15.004,5.00352,134085831,2.67983e+07,404578759,2.69647e+07,1,/home/shin/arbiter/build/arbiter-bench/hotset-broad-sweep-v2-rerun-20261006-110924/rows/037-screen-raw-082-r01-local/logs/xindex_a_hotset-use-local_r1.log
native-middle,native,2,38,native,xindex,a,native,1,native,10.0004,10.0004,280041728,2.80031e+07,280041728,2.80031e+07,0,/home/shin/arbiter/build/arbiter-bench/hotset-broad-sweep-v2-rerun-20261006-110924/rows/038-native-middle-native-r02-native/logs/xindex_a_native_r1.log
native-middle,native,2,38,native,xindex,a,native,1,native,20.0043,10.0039,280607431,2.80498e+07,560649159,2.80265e+07,0,/home/shin/arbiter/build/arbiter-bench/hotset-broad-sweep-v2-rerun-20261006-110924/rows/038-native-middle-native-r02-native/logs/xindex_a_native_r1.log
native-middle,native,2,38,native,xindex,a,native,1,native,30.0006,9.99631,280093696,2.80197e+07,840742855,2.80242e+07,0,/home/shin/arbiter/build/arbiter-bench/hotset-broad-sweep-v2-rerun-20261006-110924/rows/038-native-middle-native-r02-native/logs/xindex_a_native_r1.log
native-middle,native,2,38,native,xindex,a,native,1,native,40.0005,9.9999,280445440,2.80448e+07,1121188295,2.80294e+07,0,/home/shin/arbiter/build/arbiter-bench/hotset-broad-sweep-v2-rerun-20261006-110924/rows/038-native-middle-native-r02-native/logs/xindex_a_native_r1.log
native-middle,native,2,38,native,xindex,a,native,1,native,50.0005,10,282582016,2.82582e+07,1403770311,2.80751e+07,0,/home/shin/arbiter/build/arbiter-bench/hotset-broad-sweep-v2-rerun-20261006-110924/rows/038-native-middle-native-r02-native/logs/xindex_a_native_r1.log
native-middle,native,2,38,native,xindex,a,native,1,native,60.0029,10.0025,282638023,2.82568e+07,1686408334,2.81054e+07,1,/home/shin/arbiter/build/arbiter-bench/hotset-broad-sweep-v2-rerun-20261006-110924/rows/038-native-middle-native-r02-native/logs/xindex_a_native_r1.log
confirm,raw-046,2,39,local,xindex,a,hotset-use-local,1,local,10.0053,10.0053,271706368,2.71562e+07,271706368,2.71562e+07,0,/home/shin/arbiter/build/arbiter-bench/hotset-broad-sweep-v2-rerun-20261006-110924/rows/039-confirm-raw-046-r02-local/logs/xindex_a_hotset-use-local_r1.log
confirm,raw-046,2,39,local,xindex,a,hotset-use-local,1,local,20.0005,9.99516,270754759,2.70886e+07,542461127,2.71224e+07,0,/home/shin/arbiter/build/arbiter-bench/hotset-broad-sweep-v2-rerun-20261006-110924/rows/039-confirm-raw-046-r02-local/logs/xindex_a_hotset-use-local_r1.log
confirm,raw-046,2,39,local,xindex,a,hotset-use-local,1,local,30.0007,10.0002,272621909,2.72616e+07,815083036,2.71688e+07,0,/home/shin/arbiter/build/arbiter-bench/hotset-broad-sweep-v2-rerun-20261006-110924/rows/039-confirm-raw-046-r02-local/logs/xindex_a_hotset-use-local_r1.log
confirm,raw-046,2,39,local,xindex,a,hotset-use-local,1,local,40.0007,10,271981995,2.71982e+07,1087065031,2.71762e+07,0,/home/shin/arbiter/build/arbiter-bench/hotset-broad-sweep-v2-rerun-20261006-110924/rows/039-confirm-raw-046-r02-local/logs/xindex_a_hotset-use-local_r1.log
confirm,raw-046,2,39,local,xindex,a,hotset-use-local,1,local,50.0006,9.9999,271653376,2.71656e+07,1358718407,2.71741e+07,0,/home/shin/arbiter/build/arbiter-bench/hotset-broad-sweep-v2-rerun-20261006-110924/rows/039-confirm-raw-046-r02-local/logs/xindex_a_hotset-use-local_r1.log
confirm,raw-046,2,39,local,xindex,a,hotset-use-local,1,local,60.0039,10.0033,271778645,2.71688e+07,1630497052,2.71732e+07,1,/home/shin/arbiter/build/arbiter-bench/hotset-broad-sweep-v2-rerun-20261006-110924/rows/039-confirm-raw-046-r02-local/logs/xindex_a_hotset-use-local_r1.log
confirm,raw-046,2,40,cxl,xindex,a,hotset-use-target,1,remote,10.0041,10.0041,562971136,5.62741e+07,562971136,5.62741e+07,0,/home/shin/arbiter/build/arbiter-bench/hotset-broad-sweep-v2-rerun-20261006-110924/rows/040-confirm-raw-046-r02-cxl/logs/xindex_a_hotset-use-target_r1.log
confirm,raw-046,2,40,cxl,xindex,a,hotset-use-target,1,remote,20.0003,9.99617,566766336,5.66984e+07,1129737472,5.64861e+07,0,/home/shin/arbiter/build/arbiter-bench/hotset-broad-sweep-v2-rerun-20261006-110924/rows/040-confirm-raw-046-r02-cxl/logs/xindex_a_hotset-use-target_r1.log
confirm,raw-046,2,40,cxl,xindex,a,hotset-use-target,1,remote,30.0003,10,564036551,5.64037e+07,1693774023,5.64586e+07,0,/home/shin/arbiter/build/arbiter-bench/hotset-broad-sweep-v2-rerun-20261006-110924/rows/040-confirm-raw-046-r02-cxl/logs/xindex_a_hotset-use-target_r1.log
confirm,raw-046,2,40,cxl,xindex,a,hotset-use-target,1,remote,40.0003,10,567461433,5.67461e+07,2261235456,5.65305e+07,0,/home/shin/arbiter/build/arbiter-bench/hotset-broad-sweep-v2-rerun-20261006-110924/rows/040-confirm-raw-046-r02-cxl/logs/xindex_a_hotset-use-target_r1.log
confirm,raw-046,2,40,cxl,xindex,a,hotset-use-target,1,remote,50.0003,10,571464163,5.71464e+07,2832699619,5.66537e+07,0,/home/shin/arbiter/build/arbiter-bench/hotset-broad-sweep-v2-rerun-20261006-110924/rows/040-confirm-raw-046-r02-cxl/logs/xindex_a_hotset-use-target_r1.log
confirm,raw-046,2,40,cxl,xindex,a,hotset-use-target,1,remote,60.0055,10.0053,567372004,5.67074e+07,3400071623,5.66626e+07,1,/home/shin/arbiter/build/arbiter-bench/hotset-broad-sweep-v2-rerun-20261006-110924/rows/040-confirm-raw-046-r02-cxl/logs/xindex_a_hotset-use-target_r1.log
confirm,raw-046,3,41,cxl,xindex,a,hotset-use-target,1,remote,10.0003,10.0003,559392000,5.59377e+07,559392000,5.59377e+07,0,/home/shin/arbiter/build/arbiter-bench/hotset-broad-sweep-v2-rerun-20261006-110924/rows/041-confirm-raw-046-r03-cxl/logs/xindex_a_hotset-use-target_r1.log
confirm,raw-046,3,41,cxl,xindex,a,hotset-use-target,1,remote,20.0003,10,565116672,5.65117e+07,1124508672,5.62247e+07,0,/home/shin/arbiter/build/arbiter-bench/hotset-broad-sweep-v2-rerun-20261006-110924/rows/041-confirm-raw-046-r03-cxl/logs/xindex_a_hotset-use-target_r1.log
confirm,raw-046,3,41,cxl,xindex,a,hotset-use-target,1,remote,30.0003,10,561443328,5.61443e+07,1685952000,5.61979e+07,0,/home/shin/arbiter/build/arbiter-bench/hotset-broad-sweep-v2-rerun-20261006-110924/rows/041-confirm-raw-046-r03-cxl/logs/xindex_a_hotset-use-target_r1.log
confirm,raw-046,3,41,cxl,xindex,a,hotset-use-target,1,remote,40.0004,10.0001,562686720,5.62681e+07,2248638720,5.62155e+07,0,/home/shin/arbiter/build/arbiter-bench/hotset-broad-sweep-v2-rerun-20261006-110924/rows/041-confirm-raw-046-r03-cxl/logs/xindex_a_hotset-use-target_r1.log
confirm,raw-046,3,41,cxl,xindex,a,hotset-use-target,1,remote,50.0042,10.0038,565314587,5.65097e+07,2813953307,5.62743e+07,0,/home/shin/arbiter/build/arbiter-bench/hotset-broad-sweep-v2-rerun-20261006-110924/rows/041-confirm-raw-046-r03-cxl/logs/xindex_a_hotset-use-target_r1.log
confirm,raw-046,3,41,cxl,xindex,a,hotset-use-target,1,remote,60.0036,9.99934,561746149,5.61783e+07,3375699456,5.62583e+07,1,/home/shin/arbiter/build/arbiter-bench/hotset-broad-sweep-v2-rerun-20261006-110924/rows/041-confirm-raw-046-r03-cxl/logs/xindex_a_hotset-use-target_r1.log
confirm,raw-046,3,42,local,xindex,a,hotset-use-local,1,local,10.0006,10.0006,283280640,2.83264e+07,283280640,2.83264e+07,0,/home/shin/arbiter/build/arbiter-bench/hotset-broad-sweep-v2-rerun-20261006-110924/rows/042-confirm-raw-046-r03-local/logs/xindex_a_hotset-use-local_r1.log
confirm,raw-046,3,42,local,xindex,a,hotset-use-local,1,local,20.0008,10.0002,282697728,2.82692e+07,565978368,2.82978e+07,0,/home/shin/arbiter/build/arbiter-bench/hotset-broad-sweep-v2-rerun-20261006-110924/rows/042-confirm-raw-046-r03-local/logs/xindex_a_hotset-use-local_r1.log
confirm,raw-046,3,42,local,xindex,a,hotset-use-local,1,local,30.0006,9.9998,282452935,2.82459e+07,848431303,2.82805e+07,0,/home/shin/arbiter/build/arbiter-bench/hotset-broad-sweep-v2-rerun-20261006-110924/rows/042-confirm-raw-046-r03-local/logs/xindex_a_hotset-use-local_r1.log
confirm,raw-046,3,42,local,xindex,a,hotset-use-local,1,local,40.0008,10.0002,281151033,2.81145e+07,1129582336,2.8239e+07,0,/home/shin/arbiter/build/arbiter-bench/hotset-broad-sweep-v2-rerun-20261006-110924/rows/042-confirm-raw-046-r03-local/logs/xindex_a_hotset-use-local_r1.log
confirm,raw-046,3,42,local,xindex,a,hotset-use-local,1,local,50.0007,9.99989,281089991,2.81093e+07,1410672327,2.82131e+07,0,/home/shin/arbiter/build/arbiter-bench/hotset-broad-sweep-v2-rerun-20261006-110924/rows/042-confirm-raw-046-r03-local/logs/xindex_a_hotset-use-local_r1.log
confirm,raw-046,3,42,local,xindex,a,hotset-use-local,1,local,60.0017,10.0011,281983232,2.81953e+07,1692655559,2.82101e+07,1,/home/shin/arbiter/build/arbiter-bench/hotset-broad-sweep-v2-rerun-20261006-110924/rows/042-confirm-raw-046-r03-local/logs/xindex_a_hotset-use-local_r1.log
confirm,raw-021,2,43,local,xindex,a,hotset-use-local,1,local,10.0006,10.0006,284690432,2.84674e+07,284690432,2.84674e+07,0,/home/shin/arbiter/build/arbiter-bench/hotset-broad-sweep-v2-rerun-20261006-110924/rows/043-confirm-raw-021-r02-local/logs/xindex_a_hotset-use-local_r1.log
confirm,raw-021,2,43,local,xindex,a,hotset-use-local,1,local,20.0007,10.0001,282862336,2.82859e+07,567552768,2.83767e+07,0,/home/shin/arbiter/build/arbiter-bench/hotset-broad-sweep-v2-rerun-20261006-110924/rows/043-confirm-raw-021-r02-local/logs/xindex_a_hotset-use-local_r1.log
confirm,raw-021,2,43,local,xindex,a,hotset-use-local,1,local,30.0003,9.99959,284469191,2.84481e+07,852021959,2.84005e+07,0,/home/shin/arbiter/build/arbiter-bench/hotset-broad-sweep-v2-rerun-20261006-110924/rows/043-confirm-raw-021-r02-local/logs/xindex_a_hotset-use-local_r1.log
confirm,raw-021,2,43,local,xindex,a,hotset-use-local,1,local,40.0042,10.0039,284101433,2.83991e+07,1136123392,2.84001e+07,0,/home/shin/arbiter/build/arbiter-bench/hotset-broad-sweep-v2-rerun-20261006-110924/rows/043-confirm-raw-021-r02-local/logs/xindex_a_hotset-use-local_r1.log
confirm,raw-021,2,43,local,xindex,a,hotset-use-local,1,local,50.0044,10.0002,282614471,2.82609e+07,1418737863,2.83723e+07,0,/home/shin/arbiter/build/arbiter-bench/hotset-broad-sweep-v2-rerun-20261006-110924/rows/043-confirm-raw-021-r02-local/logs/xindex_a_hotset-use-local_r1.log
confirm,raw-021,2,43,local,xindex,a,hotset-use-local,1,local,60.0016,9.99722,284783104,2.84862e+07,1703520967,2.83913e+07,1,/home/shin/arbiter/build/arbiter-bench/hotset-broad-sweep-v2-rerun-20261006-110924/rows/043-confirm-raw-021-r02-local/logs/xindex_a_hotset-use-local_r1.log
confirm,raw-021,2,44,cxl,xindex,a,hotset-use-target,1,remote,10.0003,10.0003,552268032,5.52253e+07,552268032,5.52253e+07,0,/home/shin/arbiter/build/arbiter-bench/hotset-broad-sweep-v2-rerun-20261006-110924/rows/044-confirm-raw-021-r02-cxl/logs/xindex_a_hotset-use-target_r1.log
confirm,raw-021,2,44,cxl,xindex,a,hotset-use-target,1,remote,20.0041,10.0038,550326272,5.50116e+07,1102594304,5.51184e+07,0,/home/shin/arbiter/build/arbiter-bench/hotset-broad-sweep-v2-rerun-20261006-110924/rows/044-confirm-raw-021-r02-cxl/logs/xindex_a_hotset-use-target_r1.log
confirm,raw-021,2,44,cxl,xindex,a,hotset-use-target,1,remote,30.0041,10,550008462,5.50008e+07,1652602766,5.50792e+07,0,/home/shin/arbiter/build/arbiter-bench/hotset-broad-sweep-v2-rerun-20261006-110924/rows/044-confirm-raw-021-r02-cxl/logs/xindex_a_hotset-use-target_r1.log
confirm,raw-021,2,44,cxl,xindex,a,hotset-use-target,1,remote,40.0003,9.99617,549292402,5.49503e+07,2201895168,5.5047e+07,0,/home/shin/arbiter/build/arbiter-bench/hotset-broad-sweep-v2-rerun-20261006-110924/rows/044-confirm-raw-021-r02-cxl/logs/xindex_a_hotset-use-target_r1.log
confirm,raw-021,2,44,cxl,xindex,a,hotset-use-target,1,remote,50.0041,10.0038,548183097,5.47973e+07,2750078265,5.49971e+07,0,/home/shin/arbiter/build/arbiter-bench/hotset-broad-sweep-v2-rerun-20261006-110924/rows/044-confirm-raw-021-r02-cxl/logs/xindex_a_hotset-use-target_r1.log
confirm,raw-021,2,44,cxl,xindex,a,hotset-use-target,1,remote,60.0032,9.99911,548233557,5.48282e+07,3298311822,5.49689e+07,1,/home/shin/arbiter/build/arbiter-bench/hotset-broad-sweep-v2-rerun-20261006-110924/rows/044-confirm-raw-021-r02-cxl/logs/xindex_a_hotset-use-target_r1.log
confirm,raw-021,3,45,cxl,xindex,a,hotset-use-target,1,remote,10.0041,10.0041,560141312,5.59914e+07,560141312,5.59914e+07,0,/home/shin/arbiter/build/arbiter-bench/hotset-broad-sweep-v2-rerun-20261006-110924/rows/045-confirm-raw-021-r03-cxl/logs/xindex_a_hotset-use-target_r1.log
confirm,raw-021,3,45,cxl,xindex,a,hotset-use-target,1,remote,20.0003,9.99621,562841088,5.63054e+07,1122982400,5.61484e+07,0,/home/shin/arbiter/build/arbiter-bench/hotset-broad-sweep-v2-rerun-20261006-110924/rows/045-confirm-raw-021-r03-cxl/logs/xindex_a_hotset-use-target_r1.log
confirm,raw-021,3,45,cxl,xindex,a,hotset-use-target,1,remote,30.004,10.0038,562858183,5.62646e+07,1685840583,5.61871e+07,0,/home/shin/arbiter/build/arbiter-bench/hotset-broad-sweep-v2-rerun-20261006-110924/rows/045-confirm-raw-021-r03-cxl/logs/xindex_a_hotset-use-target_r1.log
confirm,raw-021,3,45,cxl,xindex,a,hotset-use-target,1,remote,40.0003,9.99623,558827833,5.59039e+07,2244668416,5.61163e+07,0,/home/shin/arbiter/build/arbiter-bench/hotset-broad-sweep-v2-rerun-20261006-110924/rows/045-confirm-raw-021-r03-cxl/logs/xindex_a_hotset-use-target_r1.log
confirm,raw-021,3,45,cxl,xindex,a,hotset-use-target,1,remote,50.0042,10.004,560215693,5.59993e+07,2804884109,5.60929e+07,0,/home/shin/arbiter/build/arbiter-bench/hotset-broad-sweep-v2-rerun-20261006-110924/rows/045-confirm-raw-021-r03-cxl/logs/xindex_a_hotset-use-target_r1.log
confirm,raw-021,3,45,cxl,xindex,a,hotset-use-target,1,remote,60.0033,9.99906,561591923,5.61645e+07,3366476032,5.61048e+07,1,/home/shin/arbiter/build/arbiter-bench/hotset-broad-sweep-v2-rerun-20261006-110924/rows/045-confirm-raw-021-r03-cxl/logs/xindex_a_hotset-use-target_r1.log
confirm,raw-021,3,46,local,xindex,a,hotset-use-local,1,local,10.0046,10.0046,281590272,2.81461e+07,281590272,2.81461e+07,0,/home/shin/arbiter/build/arbiter-bench/hotset-broad-sweep-v2-rerun-20261006-110924/rows/046-confirm-raw-021-r03-local/logs/xindex_a_hotset-use-local_r1.log
confirm,raw-021,3,46,local,xindex,a,hotset-use-local,1,local,20.0044,9.99984,279961287,2.79966e+07,561551559,2.80714e+07,0,/home/shin/arbiter/build/arbiter-bench/hotset-broad-sweep-v2-rerun-20261006-110924/rows/046-confirm-raw-021-r03-local/logs/xindex_a_hotset-use-local_r1.log
confirm,raw-021,3,46,local,xindex,a,hotset-use-local,1,local,30.0005,9.99605,281572608,2.81684e+07,843124167,2.81037e+07,0,/home/shin/arbiter/build/arbiter-bench/hotset-broad-sweep-v2-rerun-20261006-110924/rows/046-confirm-raw-021-r03-local/logs/xindex_a_hotset-use-local_r1.log
confirm,raw-021,3,46,local,xindex,a,hotset-use-local,1,local,40.0042,10.0037,282873344,2.8277e+07,1125997511,2.8147e+07,0,/home/shin/arbiter/build/arbiter-bench/hotset-broad-sweep-v2-rerun-20261006-110924/rows/046-confirm-raw-021-r03-local/logs/xindex_a_hotset-use-local_r1.log
confirm,raw-021,3,46,local,xindex,a,hotset-use-local,1,local,50.0006,9.99642,281648896,2.8175e+07,1407646407,2.81526e+07,0,/home/shin/arbiter/build/arbiter-bench/hotset-broad-sweep-v2-rerun-20261006-110924/rows/046-confirm-raw-021-r03-local/logs/xindex_a_hotset-use-local_r1.log
confirm,raw-021,3,46,local,xindex,a,hotset-use-local,1,local,60.0027,10.0021,282146560,2.82087e+07,1689792967,2.8162e+07,1,/home/shin/arbiter/build/arbiter-bench/hotset-broad-sweep-v2-rerun-20261006-110924/rows/046-confirm-raw-021-r03-local/logs/xindex_a_hotset-use-local_r1.log
confirm,raw-013,2,47,local,xindex,a,hotset-use-local,1,local,10.0054,10.0054,285081344,2.84928e+07,285081344,2.84928e+07,0,/home/shin/arbiter/build/arbiter-bench/hotset-broad-sweep-v2-rerun-20261006-110924/rows/047-confirm-raw-013-r02-local/logs/xindex_a_hotset-use-local_r1.log
confirm,raw-013,2,47,local,xindex,a,hotset-use-local,1,local,20.0006,9.9952,284229120,2.84365e+07,569310464,2.84647e+07,0,/home/shin/arbiter/build/arbiter-bench/hotset-broad-sweep-v2-rerun-20261006-110924/rows/047-confirm-raw-013-r02-local/logs/xindex_a_hotset-use-local_r1.log
confirm,raw-013,2,47,local,xindex,a,hotset-use-local,1,local,30.0005,9.9999,284300686,2.84304e+07,853611150,2.84533e+07,0,/home/shin/arbiter/build/arbiter-bench/hotset-broad-sweep-v2-rerun-20261006-110924/rows/047-confirm-raw-013-r02-local/logs/xindex_a_hotset-use-local_r1.log
confirm,raw-013,2,47,local,xindex,a,hotset-use-local,1,local,40.0004,9.9999,284917362,2.8492e+07,1138528512,2.8463e+07,0,/home/shin/arbiter/build/arbiter-bench/hotset-broad-sweep-v2-rerun-20261006-110924/rows/047-confirm-raw-013-r02-local/logs/xindex_a_hotset-use-local_r1.log
confirm,raw-013,2,47,local,xindex,a,hotset-use-local,1,local,50.0005,10.0001,285648071,2.85645e+07,1424176583,2.84833e+07,0,/home/shin/arbiter/build/arbiter-bench/hotset-broad-sweep-v2-rerun-20261006-110924/rows/047-confirm-raw-013-r02-local/logs/xindex_a_hotset-use-local_r1.log
confirm,raw-013,2,47,local,xindex,a,hotset-use-local,1,local,60.0014,10.0009,283377920,2.83353e+07,1707554503,2.84586e+07,1,/home/shin/arbiter/build/arbiter-bench/hotset-broad-sweep-v2-rerun-20261006-110924/rows/047-confirm-raw-013-r02-local/logs/xindex_a_hotset-use-local_r1.log
confirm,raw-013,2,48,cxl,xindex,a,hotset-use-target,1,remote,10.0041,10.0041,577129472,5.76892e+07,577129472,5.76892e+07,0,/home/shin/arbiter/build/arbiter-bench/hotset-broad-sweep-v2-rerun-20261006-110924/rows/048-confirm-raw-013-r02-cxl/logs/xindex_a_hotset-use-target_r1.log
confirm,raw-013,2,48,cxl,xindex,a,hotset-use-target,1,remote,20.0041,9.99998,582318592,5.8232e+07,1159448064,5.79605e+07,0,/home/shin/arbiter/build/arbiter-bench/hotset-broad-sweep-v2-rerun-20261006-110924/rows/048-confirm-raw-013-r02-cxl/logs/xindex_a_hotset-use-target_r1.log
confirm,raw-013,2,48,cxl,xindex,a,hotset-use-target,1,remote,30.0003,9.99617,582439623,5.82663e+07,1741887687,5.80624e+07,0,/home/shin/arbiter/build/arbiter-bench/hotset-broad-sweep-v2-rerun-20261006-110924/rows/048-confirm-raw-013-r02-cxl/logs/xindex_a_hotset-use-target_r1.log
confirm,raw-013,2,48,cxl,xindex,a,hotset-use-target,1,remote,40.0002,9.99991,580522553,5.80527e+07,2322410240,5.806e+07,0,/home/shin/arbiter/build/arbiter-bench/hotset-broad-sweep-v2-rerun-20261006-110924/rows/048-confirm-raw-013-r02-cxl/logs/xindex_a_hotset-use-target_r1.log
confirm,raw-013,2,48,cxl,xindex,a,hotset-use-target,1,remote,50.0041,10.0039,582422357,5.82194e+07,2904832597,5.80919e+07,0,/home/shin/arbiter/build/arbiter-bench/hotset-broad-sweep-v2-rerun-20261006-110924/rows/048-confirm-raw-013-r02-cxl/logs/xindex_a_hotset-use-target_r1.log
confirm,raw-013,2,48,cxl,xindex,a,hotset-use-target,1,remote,60.0026,9.99853,583586219,5.83672e+07,3488418816,5.81378e+07,1,/home/shin/arbiter/build/arbiter-bench/hotset-broad-sweep-v2-rerun-20261006-110924/rows/048-confirm-raw-013-r02-cxl/logs/xindex_a_hotset-use-target_r1.log
confirm,raw-013,3,49,cxl,xindex,a,hotset-use-target,1,remote,10.0003,10.0003,564013824,5.63999e+07,564013824,5.63999e+07,0,/home/shin/arbiter/build/arbiter-bench/hotset-broad-sweep-v2-rerun-20261006-110924/rows/049-confirm-raw-013-r03-cxl/logs/xindex_a_hotset-use-target_r1.log
confirm,raw-013,3,49,cxl,xindex,a,hotset-use-target,1,remote,20.0041,10.0038,567255552,5.67038e+07,1131269376,5.65519e+07,0,/home/shin/arbiter/build/arbiter-bench/hotset-broad-sweep-v2-rerun-20261006-110924/rows/049-confirm-raw-013-r03-cxl/logs/xindex_a_hotset-use-target_r1.log
confirm,raw-013,3,49,cxl,xindex,a,hotset-use-target,1,remote,30.0004,9.99627,565100231,5.65311e+07,1696369607,5.6545e+07,0,/home/shin/arbiter/build/arbiter-bench/hotset-broad-sweep-v2-rerun-20261006-110924/rows/049-confirm-raw-013-r03-cxl/logs/xindex_a_hotset-use-target_r1.log
confirm,raw-013,3,49,cxl,xindex,a,hotset-use-target,1,remote,40.0004,10,563745337,5.63745e+07,2260114944,5.65024e+07,0,/home/shin/arbiter/build/arbiter-bench/hotset-broad-sweep-v2-rerun-20261006-110924/rows/049-confirm-raw-013-r03-cxl/logs/xindex_a_hotset-use-target_r1.log
confirm,raw-013,3,49,cxl,xindex,a,hotset-use-target,1,remote,50.0042,10.0038,563883750,5.63668e+07,2823998694,5.64752e+07,0,/home/shin/arbiter/build/arbiter-bench/hotset-broad-sweep-v2-rerun-20261006-110924/rows/049-confirm-raw-013-r03-cxl/logs/xindex_a_hotset-use-target_r1.log
confirm,raw-013,3,49,cxl,xindex,a,hotset-use-target,1,remote,60.0045,10.0003,564283674,5.64267e+07,3388282368,5.64671e+07,1,/home/shin/arbiter/build/arbiter-bench/hotset-broad-sweep-v2-rerun-20261006-110924/rows/049-confirm-raw-013-r03-cxl/logs/xindex_a_hotset-use-target_r1.log
confirm,raw-013,3,50,local,xindex,a,hotset-use-local,1,local,10.0005,10.0005,277474048,2.77461e+07,277474048,2.77461e+07,0,/home/shin/arbiter/build/arbiter-bench/hotset-broad-sweep-v2-rerun-20261006-110924/rows/050-confirm-raw-013-r03-local/logs/xindex_a_hotset-use-local_r1.log
confirm,raw-013,3,50,local,xindex,a,hotset-use-local,1,local,20.0005,10,277843655,2.77844e+07,555317703,2.77652e+07,0,/home/shin/arbiter/build/arbiter-bench/hotset-broad-sweep-v2-rerun-20261006-110924/rows/050-confirm-raw-013-r03-local/logs/xindex_a_hotset-use-local_r1.log
confirm,raw-013,3,50,local,xindex,a,hotset-use-local,1,local,30.0007,10.0002,277639168,2.77634e+07,832956871,2.77646e+07,0,/home/shin/arbiter/build/arbiter-bench/hotset-broad-sweep-v2-rerun-20261006-110924/rows/050-confirm-raw-013-r03-local/logs/xindex_a_hotset-use-local_r1.log
confirm,raw-013,3,50,local,xindex,a,hotset-use-local,1,local,40.0006,9.9999,275786752,2.7579e+07,1108743623,2.77182e+07,0,/home/shin/arbiter/build/arbiter-bench/hotset-broad-sweep-v2-rerun-20261006-110924/rows/050-confirm-raw-013-r03-local/logs/xindex_a_hotset-use-local_r1.log
confirm,raw-013,3,50,local,xindex,a,hotset-use-local,1,local,50.004,10.0035,276218112,2.76122e+07,1384961735,2.7697e+07,0,/home/shin/arbiter/build/arbiter-bench/hotset-broad-sweep-v2-rerun-20261006-110924/rows/050-confirm-raw-013-r03-local/logs/xindex_a_hotset-use-local_r1.log
confirm,raw-013,3,50,local,xindex,a,hotset-use-local,1,local,60.0034,9.99936,276309959,2.76328e+07,1661271694,2.76863e+07,1,/home/shin/arbiter/build/arbiter-bench/hotset-broad-sweep-v2-rerun-20261006-110924/rows/050-confirm-raw-013-r03-local/logs/xindex_a_hotset-use-local_r1.log
confirm,raw-043,2,51,local,xindex,a,hotset-use-local,1,local,10.0044,10.0044,288687872,2.88561e+07,288687872,2.88561e+07,0,/home/shin/arbiter/build/arbiter-bench/hotset-broad-sweep-v2-rerun-20261006-110924/rows/051-confirm-raw-043-r02-local/logs/xindex_a_hotset-use-local_r1.log
confirm,raw-043,2,51,local,xindex,a,hotset-use-local,1,local,20.0041,9.99976,287611648,2.87618e+07,576299520,2.8809e+07,0,/home/shin/arbiter/build/arbiter-bench/hotset-broad-sweep-v2-rerun-20261006-110924/rows/051-confirm-raw-043-r02-local/logs/xindex_a_hotset-use-local_r1.log
confirm,raw-043,2,51,local,xindex,a,hotset-use-local,1,local,30.0006,9.99643,285684167,2.85786e+07,861983687,2.87322e+07,0,/home/shin/arbiter/build/arbiter-bench/hotset-broad-sweep-v2-rerun-20261006-110924/rows/051-confirm-raw-043-r02-local/logs/xindex_a_hotset-use-local_r1.log
confirm,raw-043,2,51,local,xindex,a,hotset-use-local,1,local,40.0045,10.0039,284501561,2.84391e+07,1146485248,2.86589e+07,0,/home/shin/arbiter/build/arbiter-bench/hotset-broad-sweep-v2-rerun-20261006-110924/rows/051-confirm-raw-043-r02-local/logs/xindex_a_hotset-use-local_r1.log
confirm,raw-043,2,51,local,xindex,a,hotset-use-local,1,local,50.0007,9.99622,284421888,2.84529e+07,1430907136,2.86178e+07,0,/home/shin/arbiter/build/arbiter-bench/hotset-broad-sweep-v2-rerun-20261006-110924/rows/051-confirm-raw-043-r02-local/logs/xindex_a_hotset-use-local_r1.log
confirm,raw-043,2,51,local,xindex,a,hotset-use-local,1,local,60.0038,10.0031,285699982,2.85611e+07,1716607118,2.86083e+07,1,/home/shin/arbiter/build/arbiter-bench/hotset-broad-sweep-v2-rerun-20261006-110924/rows/051-confirm-raw-043-r02-local/logs/xindex_a_hotset-use-local_r1.log
confirm,raw-043,2,52,cxl,xindex,a,hotset-use-target,1,remote,10.0047,10.0047,581685248,5.8141e+07,581685248,5.8141e+07,0,/home/shin/arbiter/build/arbiter-bench/hotset-broad-sweep-v2-rerun-20261006-110924/rows/052-confirm-raw-043-r02-cxl/logs/xindex_a_hotset-use-target_r1.log
confirm,raw-043,2,52,cxl,xindex,a,hotset-use-target,1,remote,20.0003,9.99553,582088192,5.82348e+07,1163773440,5.81879e+07,0,/home/shin/arbiter/build/arbiter-bench/hotset-broad-sweep-v2-rerun-20261006-110924/rows/052-confirm-raw-043-r02-cxl/logs/xindex_a_hotset-use-target_r1.log
confirm,raw-043,2,52,cxl,xindex,a,hotset-use-target,1,remote,30.0003,10,580764928,5.80765e+07,1744538368,5.81508e+07,0,/home/shin/arbiter/build/arbiter-bench/hotset-broad-sweep-v2-rerun-20261006-110924/rows/052-confirm-raw-043-r02-cxl/logs/xindex_a_hotset-use-target_r1.log
confirm,raw-043,2,52,cxl,xindex,a,hotset-use-target,1,remote,40.0007,10.0004,580347648,5.80324e+07,2324886016,5.81212e+07,0,/home/shin/arbiter/build/arbiter-bench/hotset-broad-sweep-v2-rerun-20261006-110924/rows/052-confirm-raw-043-r02-cxl/logs/xindex_a_hotset-use-target_r1.log
confirm,raw-043,2,52,cxl,xindex,a,hotset-use-target,1,remote,50.0003,9.99959,579005895,5.7903e+07,2903891911,5.80775e+07,0,/home/shin/arbiter/build/arbiter-bench/hotset-broad-sweep-v2-rerun-20261006-110924/rows/052-confirm-raw-043-r02-cxl/logs/xindex_a_hotset-use-target_r1.log
confirm,raw-043,2,52,cxl,xindex,a,hotset-use-target,1,remote,60.004,10.0037,583956537,5.83741e+07,3487848448,5.8127e+07,1,/home/shin/arbiter/build/arbiter-bench/hotset-broad-sweep-v2-rerun-20261006-110924/rows/052-confirm-raw-043-r02-cxl/logs/xindex_a_hotset-use-target_r1.log
confirm,raw-043,3,53,cxl,xindex,a,hotset-use-target,1,remote,10.0092,10.0092,564696832,5.64178e+07,564696832,5.64178e+07,0,/home/shin/arbiter/build/arbiter-bench/hotset-broad-sweep-v2-rerun-20261006-110924/rows/053-confirm-raw-043-r03-cxl/logs/xindex_a_hotset-use-target_r1.log
confirm,raw-043,3,53,cxl,xindex,a,hotset-use-target,1,remote,20.0012,9.992,564829184,5.65281e+07,1129526016,5.64729e+07,0,/home/shin/arbiter/build/arbiter-bench/hotset-broad-sweep-v2-rerun-20261006-110924/rows/053-confirm-raw-043-r03-cxl/logs/xindex_a_hotset-use-target_r1.log
confirm,raw-043,3,53,cxl,xindex,a,hotset-use-target,1,remote,30.0011,9.99989,567225998,5.67232e+07,1696752014,5.65564e+07,0,/home/shin/arbiter/build/arbiter-bench/hotset-broad-sweep-v2-rerun-20261006-110924/rows/053-confirm-raw-043-r03-cxl/logs/xindex_a_hotset-use-target_r1.log
confirm,raw-043,3,53,cxl,xindex,a,hotset-use-target,1,remote,40.0003,9.99918,565248370,5.65295e+07,2262000384,5.65496e+07,0,/home/shin/arbiter/build/arbiter-bench/hotset-broad-sweep-v2-rerun-20261006-110924/rows/053-confirm-raw-043-r03-cxl/logs/xindex_a_hotset-use-target_r1.log
confirm,raw-043,3,53,cxl,xindex,a,hotset-use-target,1,remote,50.0012,10.0009,566763039,5.66711e+07,2828763423,5.65739e+07,0,/home/shin/arbiter/build/arbiter-bench/hotset-broad-sweep-v2-rerun-20261006-110924/rows/053-confirm-raw-043-r03-cxl/logs/xindex_a_hotset-use-target_r1.log
confirm,raw-043,3,53,cxl,xindex,a,hotset-use-target,1,remote,60.0045,10.0033,569139425,5.68953e+07,3397902848,5.66275e+07,1,/home/shin/arbiter/build/arbiter-bench/hotset-broad-sweep-v2-rerun-20261006-110924/rows/053-confirm-raw-043-r03-cxl/logs/xindex_a_hotset-use-target_r1.log
confirm,raw-043,3,54,local,xindex,a,hotset-use-local,1,local,10.0006,10.0006,275236608,2.75221e+07,275236608,2.75221e+07,0,/home/shin/arbiter/build/arbiter-bench/hotset-broad-sweep-v2-rerun-20261006-110924/rows/054-confirm-raw-043-r03-local/logs/xindex_a_hotset-use-local_r1.log
confirm,raw-043,3,54,local,xindex,a,hotset-use-local,1,local,20.0008,10.0002,272652544,2.72647e+07,547889152,2.73934e+07,0,/home/shin/arbiter/build/arbiter-bench/hotset-broad-sweep-v2-rerun-20261006-110924/rows/054-confirm-raw-043-r03-local/logs/xindex_a_hotset-use-local_r1.log
confirm,raw-043,3,54,local,xindex,a,hotset-use-local,1,local,30.0006,9.99979,272846108,2.72852e+07,820735260,2.73573e+07,0,/home/shin/arbiter/build/arbiter-bench/hotset-broad-sweep-v2-rerun-20261006-110924/rows/054-confirm-raw-043-r03-local/logs/xindex_a_hotset-use-local_r1.log
confirm,raw-043,3,54,local,xindex,a,hotset-use-local,1,local,40.0004,9.9998,273094884,2.731e+07,1093830144,2.73455e+07,0,/home/shin/arbiter/build/arbiter-bench/hotset-broad-sweep-v2-rerun-20261006-110924/rows/054-confirm-raw-043-r03-local/logs/xindex_a_hotset-use-local_r1.log
confirm,raw-043,3,54,local,xindex,a,hotset-use-local,1,local,50.0005,10.0001,272557824,2.72555e+07,1366387968,2.73275e+07,0,/home/shin/arbiter/build/arbiter-bench/hotset-broad-sweep-v2-rerun-20261006-110924/rows/054-confirm-raw-043-r03-local/logs/xindex_a_hotset-use-local_r1.log
confirm,raw-043,3,54,local,xindex,a,hotset-use-local,1,local,60.0039,10.0034,272958122,2.72864e+07,1639346090,2.73207e+07,1,/home/shin/arbiter/build/arbiter-bench/hotset-broad-sweep-v2-rerun-20261006-110924/rows/054-confirm-raw-043-r03-local/logs/xindex_a_hotset-use-local_r1.log
confirm,raw-039,2,55,local,xindex,a,hotset-use-local,1,local,10.0047,10.0047,289180160,2.89045e+07,289180160,2.89045e+07,0,/home/shin/arbiter/build/arbiter-bench/hotset-broad-sweep-v2-rerun-20261006-110924/rows/055-confirm-raw-039-r02-local/logs/xindex_a_hotset-use-local_r1.log
confirm,raw-039,2,55,local,xindex,a,hotset-use-local,1,local,20.0006,9.99588,287102720,2.87221e+07,576282880,2.88133e+07,0,/home/shin/arbiter/build/arbiter-bench/hotset-broad-sweep-v2-rerun-20261006-110924/rows/055-confirm-raw-039-r02-local/logs/xindex_a_hotset-use-local_r1.log
confirm,raw-039,2,55,local,xindex,a,hotset-use-local,1,local,30.0005,9.9999,289359815,2.89363e+07,865642695,2.88543e+07,0,/home/shin/arbiter/build/arbiter-bench/hotset-broad-sweep-v2-rerun-20261006-110924/rows/055-confirm-raw-039-r02-local/logs/xindex_a_hotset-use-local_r1.log
confirm,raw-039,2,55,local,xindex,a,hotset-use-local,1,local,40.0005,10,288315620,2.88316e+07,1153958315,2.88486e+07,0,/home/shin/arbiter/build/arbiter-bench/hotset-broad-sweep-v2-rerun-20261006-110924/rows/055-confirm-raw-039-r02-local/logs/xindex_a_hotset-use-local_r1.log
confirm,raw-039,2,55,local,xindex,a,hotset-use-local,1,local,50.0005,9.99999,288433692,2.88434e+07,1442392007,2.88476e+07,0,/home/shin/arbiter/build/arbiter-bench/hotset-broad-sweep-v2-rerun-20261006-110924/rows/055-confirm-raw-039-r02-local/logs/xindex_a_hotset-use-local_r1.log
confirm,raw-039,2,55,local,xindex,a,hotset-use-local,1,local,60.0041,10.0036,288850176,2.88746e+07,1731242183,2.88521e+07,1,/home/shin/arbiter/build/arbiter-bench/hotset-broad-sweep-v2-rerun-20261006-110924/rows/055-confirm-raw-039-r02-local/logs/xindex_a_hotset-use-local_r1.log
confirm,raw-039,2,56,cxl,xindex,a,hotset-use-target,1,remote,10.0041,10.0041,568683520,5.6845e+07,568683520,5.6845e+07,0,/home/shin/arbiter/build/arbiter-bench/hotset-broad-sweep-v2-rerun-20261006-110924/rows/056-confirm-raw-039-r02-cxl/logs/xindex_a_hotset-use-target_r1.log
confirm,raw-039,2,56,cxl,xindex,a,hotset-use-target,1,remote,20.0003,9.99616,575606272,5.75827e+07,1144289792,5.72137e+07,0,/home/shin/arbiter/build/arbiter-bench/hotset-broad-sweep-v2-rerun-20261006-110924/rows/056-confirm-raw-039-r02-cxl/logs/xindex_a_hotset-use-target_r1.log
confirm,raw-039,2,56,cxl,xindex,a,hotset-use-target,1,remote,30.0042,10.0039,571708103,5.71483e+07,1715997895,5.71919e+07,0,/home/shin/arbiter/build/arbiter-bench/hotset-broad-sweep-v2-rerun-20261006-110924/rows/056-confirm-raw-039-r02-cxl/logs/xindex_a_hotset-use-target_r1.log
confirm,raw-039,2,56,cxl,xindex,a,hotset-use-target,1,remote,40.0042,10,570550073,5.7055e+07,2286547968,5.71577e+07,0,/home/shin/arbiter/build/arbiter-bench/hotset-broad-sweep-v2-rerun-20261006-110924/rows/056-confirm-raw-039-r02-cxl/logs/xindex_a_hotset-use-target_r1.log
confirm,raw-039,2,56,cxl,xindex,a,hotset-use-target,1,remote,50.0003,9.99607,570818787,5.71043e+07,2857366755,5.7147e+07,0,/home/shin/arbiter/build/arbiter-bench/hotset-broad-sweep-v2-rerun-20261006-110924/rows/056-confirm-raw-039-r02-cxl/logs/xindex_a_hotset-use-target_r1.log
confirm,raw-039,2,56,cxl,xindex,a,hotset-use-target,1,remote,60.0041,10.0039,573833188,5.73611e+07,3431199943,5.71827e+07,1,/home/shin/arbiter/build/arbiter-bench/hotset-broad-sweep-v2-rerun-20261006-110924/rows/056-confirm-raw-039-r02-cxl/logs/xindex_a_hotset-use-target_r1.log
confirm,raw-039,3,57,cxl,xindex,a,hotset-use-target,1,remote,10.0003,10.0003,563089408,5.63074e+07,563089408,5.63074e+07,0,/home/shin/arbiter/build/arbiter-bench/hotset-broad-sweep-v2-rerun-20261006-110924/rows/057-confirm-raw-039-r03-cxl/logs/xindex_a_hotset-use-target_r1.log
confirm,raw-039,3,57,cxl,xindex,a,hotset-use-target,1,remote,20.0003,10,567880960,5.67881e+07,1130970368,5.65478e+07,0,/home/shin/arbiter/build/arbiter-bench/hotset-broad-sweep-v2-rerun-20261006-110924/rows/057-confirm-raw-039-r03-cxl/logs/xindex_a_hotset-use-target_r1.log
confirm,raw-039,3,57,cxl,xindex,a,hotset-use-target,1,remote,30.0003,10,564858624,5.64859e+07,1695828992,5.65271e+07,0,/home/shin/arbiter/build/arbiter-bench/hotset-broad-sweep-v2-rerun-20261006-110924/rows/057-confirm-raw-039-r03-cxl/logs/xindex_a_hotset-use-target_r1.log
confirm,raw-039,3,57,cxl,xindex,a,hotset-use-target,1,remote,40.0003,10,568546816,5.68547e+07,2264375808,5.6609e+07,0,/home/shin/arbiter/build/arbiter-bench/hotset-broad-sweep-v2-rerun-20261006-110924/rows/057-confirm-raw-039-r03-cxl/logs/xindex_a_hotset-use-target_r1.log
confirm,raw-039,3,57,cxl,xindex,a,hotset-use-target,1,remote,50.0003,10,566093880,5.66094e+07,2830469688,5.66091e+07,0,/home/shin/arbiter/build/arbiter-bench/hotset-broad-sweep-v2-rerun-20261006-110924/rows/057-confirm-raw-039-r03-cxl/logs/xindex_a_hotset-use-target_r1.log
confirm,raw-039,3,57,cxl,xindex,a,hotset-use-target,1,remote,60.0032,10.003,563744968,5.63578e+07,3394214656,5.65672e+07,1,/home/shin/arbiter/build/arbiter-bench/hotset-broad-sweep-v2-rerun-20261006-110924/rows/057-confirm-raw-039-r03-cxl/logs/xindex_a_hotset-use-target_r1.log
confirm,raw-039,3,58,local,xindex,a,hotset-use-local,1,local,10.0005,10.0005,284072448,2.84059e+07,284072448,2.84059e+07,0,/home/shin/arbiter/build/arbiter-bench/hotset-broad-sweep-v2-rerun-20261006-110924/rows/058-confirm-raw-039-r03-local/logs/xindex_a_hotset-use-local_r1.log
confirm,raw-039,3,58,local,xindex,a,hotset-use-local,1,local,20.0005,10,282594560,2.82595e+07,566667008,2.83327e+07,0,/home/shin/arbiter/build/arbiter-bench/hotset-broad-sweep-v2-rerun-20261006-110924/rows/058-confirm-raw-039-r03-local/logs/xindex_a_hotset-use-local_r1.log
confirm,raw-039,3,58,local,xindex,a,hotset-use-local,1,local,30.0008,10.0003,282245319,2.82237e+07,848912327,2.82963e+07,0,/home/shin/arbiter/build/arbiter-bench/hotset-broad-sweep-v2-rerun-20261006-110924/rows/058-confirm-raw-039-r03-local/logs/xindex_a_hotset-use-local_r1.log
confirm,raw-039,3,58,local,xindex,a,hotset-use-local,1,local,40.0004,9.99959,284158009,2.8417e+07,1133070336,2.83265e+07,0,/home/shin/arbiter/build/arbiter-bench/hotset-broad-sweep-v2-rerun-20261006-110924/rows/058-confirm-raw-039-r03-local/logs/xindex_a_hotset-use-local_r1.log
confirm,raw-039,3,58,local,xindex,a,hotset-use-local,1,local,50.0005,10.0001,282209991,2.82207e+07,1415280327,2.83053e+07,0,/home/shin/arbiter/build/arbiter-bench/hotset-broad-sweep-v2-rerun-20261006-110924/rows/058-confirm-raw-039-r03-local/logs/xindex_a_hotset-use-local_r1.log
confirm,raw-039,3,58,local,xindex,a,hotset-use-local,1,local,60.0034,10.0029,283595264,2.83512e+07,1698875591,2.8313e+07,1,/home/shin/arbiter/build/arbiter-bench/hotset-broad-sweep-v2-rerun-20261006-110924/rows/058-confirm-raw-039-r03-local/logs/xindex_a_hotset-use-local_r1.log
confirm,raw-082,2,59,local,xindex,a,hotset-use-local,1,local,10.0006,10.0006,271342848,2.71327e+07,271342848,2.71327e+07,0,/home/shin/arbiter/build/arbiter-bench/hotset-broad-sweep-v2-rerun-20261006-110924/rows/059-confirm-raw-082-r02-local/logs/xindex_a_hotset-use-local_r1.log
confirm,raw-082,2,59,local,xindex,a,hotset-use-local,1,local,20.0044,10.0038,271888640,2.71785e+07,543231488,2.71556e+07,0,/home/shin/arbiter/build/arbiter-bench/hotset-broad-sweep-v2-rerun-20261006-110924/rows/059-confirm-raw-082-r02-local/logs/xindex_a_hotset-use-local_r1.log
confirm,raw-082,2,59,local,xindex,a,hotset-use-local,1,local,30.003,9.99862,271473891,2.71511e+07,814705379,2.71541e+07,0,/home/shin/arbiter/build/arbiter-bench/hotset-broad-sweep-v2-rerun-20261006-110924/rows/059-confirm-raw-082-r02-local/logs/xindex_a_hotset-use-local_r1.log
confirm,raw-082,2,59,local,xindex,a,hotset-use-local,1,local,40.0006,9.99755,272108829,2.72175e+07,1086814208,2.717e+07,0,/home/shin/arbiter/build/arbiter-bench/hotset-broad-sweep-v2-rerun-20261006-110924/rows/059-confirm-raw-082-r02-local/logs/xindex_a_hotset-use-local_r1.log
confirm,raw-082,2,59,local,xindex,a,hotset-use-local,1,local,50.0033,10.0028,272129991,2.72055e+07,1358944199,2.71771e+07,0,/home/shin/arbiter/build/arbiter-bench/hotset-broad-sweep-v2-rerun-20261006-110924/rows/059-confirm-raw-082-r02-local/logs/xindex_a_hotset-use-local_r1.log
confirm,raw-082,2,59,local,xindex,a,hotset-use-local,1,local,60.0069,10.0036,272638805,2.72542e+07,1631583004,2.71899e+07,1,/home/shin/arbiter/build/arbiter-bench/hotset-broad-sweep-v2-rerun-20261006-110924/rows/059-confirm-raw-082-r02-local/logs/xindex_a_hotset-use-local_r1.log
confirm,raw-082,2,60,cxl,xindex,a,hotset-use-target,1,remote,10.005,10.005,435510983,4.35293e+07,435510983,4.35293e+07,0,/home/shin/arbiter/build/arbiter-bench/hotset-broad-sweep-v2-rerun-20261006-110924/rows/060-confirm-raw-082-r02-cxl/logs/xindex_a_hotset-use-target_r1.log
confirm,raw-082,2,60,cxl,xindex,a,hotset-use-target,1,remote,20.0004,9.99536,434766336,4.34968e+07,870277319,4.35131e+07,0,/home/shin/arbiter/build/arbiter-bench/hotset-broad-sweep-v2-rerun-20261006-110924/rows/060-confirm-raw-082-r02-cxl/logs/xindex_a_hotset-use-target_r1.log
confirm,raw-082,2,60,cxl,xindex,a,hotset-use-target,1,remote,30.0003,9.99989,434563840,4.34568e+07,1304841159,4.34943e+07,0,/home/shin/arbiter/build/arbiter-bench/hotset-broad-sweep-v2-rerun-20261006-110924/rows/060-confirm-raw-082-r02-cxl/logs/xindex_a_hotset-use-target_r1.log
confirm,raw-082,2,60,cxl,xindex,a,hotset-use-target,1,remote,40.0003,10,434415872,4.34416e+07,1739257031,4.34811e+07,0,/home/shin/arbiter/build/arbiter-bench/hotset-broad-sweep-v2-rerun-20261006-110924/rows/060-confirm-raw-082-r02-cxl/logs/xindex_a_hotset-use-target_r1.log
confirm,raw-082,2,60,cxl,xindex,a,hotset-use-target,1,remote,50.0004,10.0001,433701575,4.33697e+07,2172958606,4.34589e+07,0,/home/shin/arbiter/build/arbiter-bench/hotset-broad-sweep-v2-rerun-20261006-110924/rows/060-confirm-raw-082-r02-cxl/logs/xindex_a_hotset-use-target_r1.log
confirm,raw-082,2,60,cxl,xindex,a,hotset-use-target,1,remote,60.0039,10.0036,437051904,4.36897e+07,2610010510,4.34973e+07,1,/home/shin/arbiter/build/arbiter-bench/hotset-broad-sweep-v2-rerun-20261006-110924/rows/060-confirm-raw-082-r02-cxl/logs/xindex_a_hotset-use-target_r1.log
confirm,raw-082,3,61,cxl,xindex,a,hotset-use-target,1,remote,10.0004,10.0004,468201671,4.68184e+07,468201671,4.68184e+07,0,/home/shin/arbiter/build/arbiter-bench/hotset-broad-sweep-v2-rerun-20261006-110924/rows/061-confirm-raw-082-r03-cxl/logs/xindex_a_hotset-use-target_r1.log
confirm,raw-082,3,61,cxl,xindex,a,hotset-use-target,1,remote,20.0003,9.9999,470964224,4.70969e+07,939165895,4.69577e+07,0,/home/shin/arbiter/build/arbiter-bench/hotset-broad-sweep-v2-rerun-20261006-110924/rows/061-confirm-raw-082-r03-cxl/logs/xindex_a_hotset-use-target_r1.log
confirm,raw-082,3,61,cxl,xindex,a,hotset-use-target,1,remote,30.0004,10.0001,470524160,4.70519e+07,1409690055,4.69891e+07,0,/home/shin/arbiter/build/arbiter-bench/hotset-broad-sweep-v2-rerun-20261006-110924/rows/061-confirm-raw-082-r03-cxl/logs/xindex_a_hotset-use-target_r1.log
confirm,raw-082,3,61,cxl,xindex,a,hotset-use-target,1,remote,40.0004,10,470799872,4.708e+07,1880489927,4.70118e+07,0,/home/shin/arbiter/build/arbiter-bench/hotset-broad-sweep-v2-rerun-20261006-110924/rows/061-confirm-raw-082-r03-cxl/logs/xindex_a_hotset-use-target_r1.log
confirm,raw-082,3,61,cxl,xindex,a,hotset-use-target,1,remote,50.0005,10.0001,468859250,4.68855e+07,2349349177,4.69865e+07,0,/home/shin/arbiter/build/arbiter-bench/hotset-broad-sweep-v2-rerun-20261006-110924/rows/061-confirm-raw-082-r03-cxl/logs/xindex_a_hotset-use-target_r1.log
confirm,raw-082,3,61,cxl,xindex,a,hotset-use-target,1,remote,60.0028,10.0023,468956956,4.68847e+07,2818306133,4.69696e+07,1,/home/shin/arbiter/build/arbiter-bench/hotset-broad-sweep-v2-rerun-20261006-110924/rows/061-confirm-raw-082-r03-cxl/logs/xindex_a_hotset-use-target_r1.log
confirm,raw-082,3,62,local,xindex,a,hotset-use-local,1,local,10.0008,10.0008,272305408,2.72285e+07,272305408,2.72285e+07,0,/home/shin/arbiter/build/arbiter-bench/hotset-broad-sweep-v2-rerun-20261006-110924/rows/062-confirm-raw-082-r03-local/logs/xindex_a_hotset-use-local_r1.log
confirm,raw-082,3,62,local,xindex,a,hotset-use-local,1,local,20.0004,9.99967,271497984,2.71507e+07,543803392,2.71896e+07,0,/home/shin/arbiter/build/arbiter-bench/hotset-broad-sweep-v2-rerun-20261006-110924/rows/062-confirm-raw-082-r03-local/logs/xindex_a_hotset-use-local_r1.log
confirm,raw-082,3,62,local,xindex,a,hotset-use-local,1,local,30.0043,10.0039,272711054,2.72605e+07,816514446,2.72132e+07,0,/home/shin/arbiter/build/arbiter-bench/hotset-broad-sweep-v2-rerun-20261006-110924/rows/062-confirm-raw-082-r03-local/logs/xindex_a_hotset-use-local_r1.log
confirm,raw-082,3,62,local,xindex,a,hotset-use-local,1,local,40.0042,9.99991,273111666,2.73114e+07,1089626112,2.72378e+07,0,/home/shin/arbiter/build/arbiter-bench/hotset-broad-sweep-v2-rerun-20261006-110924/rows/062-confirm-raw-082-r03-local/logs/xindex_a_hotset-use-local_r1.log
confirm,raw-082,3,62,local,xindex,a,hotset-use-local,1,local,50.0044,10.0002,272134087,2.72129e+07,1361760199,2.72328e+07,0,/home/shin/arbiter/build/arbiter-bench/hotset-broad-sweep-v2-rerun-20261006-110924/rows/062-confirm-raw-082-r03-local/logs/xindex_a_hotset-use-local_r1.log
confirm,raw-082,3,62,local,xindex,a,hotset-use-local,1,local,60.0039,9.99953,272557710,2.72571e+07,1634317909,2.72368e+07,1,/home/shin/arbiter/build/arbiter-bench/hotset-broad-sweep-v2-rerun-20261006-110924/rows/062-confirm-raw-082-r03-local/logs/xindex_a_hotset-use-local_r1.log
confirm,raw-081,2,63,local,xindex,a,hotset-use-local,1,local,10.0005,10.0005,278313984,2.78301e+07,278313984,2.78301e+07,0,/home/shin/arbiter/build/arbiter-bench/hotset-broad-sweep-v2-rerun-20261006-110924/rows/063-confirm-raw-081-r02-local/logs/xindex_a_hotset-use-local_r1.log
confirm,raw-081,2,63,local,xindex,a,hotset-use-local,1,local,20.0005,10,278996167,2.78996e+07,557310151,2.78649e+07,0,/home/shin/arbiter/build/arbiter-bench/hotset-broad-sweep-v2-rerun-20261006-110924/rows/063-confirm-raw-081-r02-local/logs/xindex_a_hotset-use-local_r1.log
confirm,raw-081,2,63,local,xindex,a,hotset-use-local,1,local,30.0007,10.0002,278391296,2.78386e+07,835701447,2.78561e+07,0,/home/shin/arbiter/build/arbiter-bench/hotset-broad-sweep-v2-rerun-20261006-110924/rows/063-confirm-raw-081-r02-local/logs/xindex_a_hotset-use-local_r1.log
confirm,raw-081,2,63,local,xindex,a,hotset-use-local,1,local,40.0006,9.99989,278072320,2.78075e+07,1113773767,2.78439e+07,0,/home/shin/arbiter/build/arbiter-bench/hotset-broad-sweep-v2-rerun-20261006-110924/rows/063-confirm-raw-081-r02-local/logs/xindex_a_hotset-use-local_r1.log
confirm,raw-081,2,63,local,xindex,a,hotset-use-local,1,local,50.0006,10,278509568,2.78509e+07,1392283335,2.78453e+07,0,/home/shin/arbiter/build/arbiter-bench/hotset-broad-sweep-v2-rerun-20261006-110924/rows/063-confirm-raw-081-r02-local/logs/xindex_a_hotset-use-local_r1.log
confirm,raw-081,2,63,local,xindex,a,hotset-use-local,1,local,60.004,10.0034,278095815,2.78e+07,1670379150,2.78378e+07,1,/home/shin/arbiter/build/arbiter-bench/hotset-broad-sweep-v2-rerun-20261006-110924/rows/063-confirm-raw-081-r02-local/logs/xindex_a_hotset-use-local_r1.log
confirm,raw-081,2,64,cxl,xindex,a,hotset-use-target,1,remote,10.0004,10.0004,437320135,4.37304e+07,437320135,4.37304e+07,0,/home/shin/arbiter/build/arbiter-bench/hotset-broad-sweep-v2-rerun-20261006-110924/rows/064-confirm-raw-081-r02-cxl/logs/xindex_a_hotset-use-target_r1.log
confirm,raw-081,2,64,cxl,xindex,a,hotset-use-target,1,remote,20.0003,9.99989,439228160,4.39233e+07,876548295,4.38268e+07,0,/home/shin/arbiter/build/arbiter-bench/hotset-broad-sweep-v2-rerun-20261006-110924/rows/064-confirm-raw-081-r02-cxl/logs/xindex_a_hotset-use-target_r1.log
confirm,raw-081,2,64,cxl,xindex,a,hotset-use-target,1,remote,30.0041,10.0038,440407296,4.4024e+07,1316955591,4.38926e+07,0,/home/shin/arbiter/build/arbiter-bench/hotset-broad-sweep-v2-rerun-20261006-110924/rows/064-confirm-raw-081-r02-cxl/logs/xindex_a_hotset-use-target_r1.log
confirm,raw-081,2,64,cxl,xindex,a,hotset-use-target,1,remote,40.0003,9.9962,441831168,4.41999e+07,1758786759,4.39694e+07,0,/home/shin/arbiter/build/arbiter-bench/hotset-broad-sweep-v2-rerun-20261006-110924/rows/064-confirm-raw-081-r02-cxl/logs/xindex_a_hotset-use-target_r1.log
confirm,raw-081,2,64,cxl,xindex,a,hotset-use-target,1,remote,50.0004,10.0001,442067911,4.42063e+07,2200854670,4.40168e+07,0,/home/shin/arbiter/build/arbiter-bench/hotset-broad-sweep-v2-rerun-20261006-110924/rows/064-confirm-raw-081-r02-cxl/logs/xindex_a_hotset-use-target_r1.log
confirm,raw-081,2,64,cxl,xindex,a,hotset-use-target,1,remote,60.0037,10.0033,443936768,4.43789e+07,2644791438,4.40771e+07,1,/home/shin/arbiter/build/arbiter-bench/hotset-broad-sweep-v2-rerun-20261006-110924/rows/064-confirm-raw-081-r02-cxl/logs/xindex_a_hotset-use-target_r1.log
confirm,raw-081,3,65,cxl,xindex,a,hotset-use-target,1,remote,10.0006,10.0006,465270446,4.65244e+07,465270446,4.65244e+07,0,/home/shin/arbiter/build/arbiter-bench/hotset-broad-sweep-v2-rerun-20261006-110924/rows/065-confirm-raw-081-r03-cxl/logs/xindex_a_hotset-use-target_r1.log
confirm,raw-081,3,65,cxl,xindex,a,hotset-use-target,1,remote,20.0004,9.99979,466706688,4.66716e+07,931977134,4.6598e+07,0,/home/shin/arbiter/build/arbiter-bench/hotset-broad-sweep-v2-rerun-20261006-110924/rows/065-confirm-raw-081-r03-cxl/logs/xindex_a_hotset-use-target_r1.log
confirm,raw-081,3,65,cxl,xindex,a,hotset-use-target,1,remote,30.0004,10,459878656,4.59879e+07,1391855790,4.63946e+07,0,/home/shin/arbiter/build/arbiter-bench/hotset-broad-sweep-v2-rerun-20261006-110924/rows/065-confirm-raw-081-r03-cxl/logs/xindex_a_hotset-use-target_r1.log
confirm,raw-081,3,65,cxl,xindex,a,hotset-use-target,1,remote,40.0003,9.9999,459469312,4.59474e+07,1851325102,4.62828e+07,0,/home/shin/arbiter/build/arbiter-bench/hotset-broad-sweep-v2-rerun-20261006-110924/rows/065-confirm-raw-081-r03-cxl/logs/xindex_a_hotset-use-target_r1.log
confirm,raw-081,3,65,cxl,xindex,a,hotset-use-target,1,remote,50.0005,10.0002,457882905,4.57874e+07,2309208007,4.61837e+07,0,/home/shin/arbiter/build/arbiter-bench/hotset-broad-sweep-v2-rerun-20261006-110924/rows/065-confirm-raw-081-r03-cxl/logs/xindex_a_hotset-use-target_r1.log
confirm,raw-081,3,65,cxl,xindex,a,hotset-use-target,1,remote,60.0037,10.0032,461026078,4.60878e+07,2770234085,4.61677e+07,1,/home/shin/arbiter/build/arbiter-bench/hotset-broad-sweep-v2-rerun-20261006-110924/rows/065-confirm-raw-081-r03-cxl/logs/xindex_a_hotset-use-target_r1.log
confirm,raw-081,3,66,local,xindex,a,hotset-use-local,1,local,10.0006,10.0006,270796544,2.70781e+07,270796544,2.70781e+07,0,/home/shin/arbiter/build/arbiter-bench/hotset-broad-sweep-v2-rerun-20261006-110924/rows/066-confirm-raw-081-r03-local/logs/xindex_a_hotset-use-local_r1.log
confirm,raw-081,3,66,local,xindex,a,hotset-use-local,1,local,20.0004,9.99979,269658567,2.69664e+07,540455111,2.70223e+07,0,/home/shin/arbiter/build/arbiter-bench/hotset-broad-sweep-v2-rerun-20261006-110924/rows/066-confirm-raw-081-r03-local/logs/xindex_a_hotset-use-local_r1.log
confirm,raw-081,3,66,local,xindex,a,hotset-use-local,1,local,30.0006,10.0002,269286144,2.69281e+07,809741255,2.69909e+07,0,/home/shin/arbiter/build/arbiter-bench/hotset-broad-sweep-v2-rerun-20261006-110924/rows/066-confirm-raw-081-r03-local/logs/xindex_a_hotset-use-local_r1.log
confirm,raw-081,3,66,local,xindex,a,hotset-use-local,1,local,40.0009,10.0003,269829120,2.69821e+07,1079570375,2.69887e+07,0,/home/shin/arbiter/build/arbiter-bench/hotset-broad-sweep-v2-rerun-20261006-110924/rows/066-confirm-raw-081-r03-local/logs/xindex_a_hotset-use-local_r1.log
confirm,raw-081,3,66,local,xindex,a,hotset-use-local,1,local,50.0006,9.9997,270112256,2.7012e+07,1349682631,2.69933e+07,0,/home/shin/arbiter/build/arbiter-bench/hotset-broad-sweep-v2-rerun-20261006-110924/rows/066-confirm-raw-081-r03-local/logs/xindex_a_hotset-use-local_r1.log
confirm,raw-081,3,66,local,xindex,a,hotset-use-local,1,local,60.0037,10.0031,269142727,2.69059e+07,1618825358,2.69788e+07,1,/home/shin/arbiter/build/arbiter-bench/hotset-broad-sweep-v2-rerun-20261006-110924/rows/066-confirm-raw-081-r03-local/logs/xindex_a_hotset-use-local_r1.log
confirm,raw-009,2,67,local,xindex,a,hotset-use-local,1,local,10.0006,10.0006,283257600,2.83241e+07,283257600,2.83241e+07,0,/home/shin/arbiter/build/arbiter-bench/hotset-broad-sweep-v2-rerun-20261006-110924/rows/067-confirm-raw-009-r02-local/logs/xindex_a_hotset-use-local_r1.log
confirm,raw-009,2,67,local,xindex,a,hotset-use-local,1,local,20.0006,10,284561152,2.84561e+07,567818752,2.83901e+07,0,/home/shin/arbiter/build/arbiter-bench/hotset-broad-sweep-v2-rerun-20261006-110924/rows/067-confirm-raw-009-r02-local/logs/xindex_a_hotset-use-local_r1.log
confirm,raw-009,2,67,local,xindex,a,hotset-use-local,1,local,30.0005,9.9999,283673031,2.83676e+07,851491783,2.83826e+07,0,/home/shin/arbiter/build/arbiter-bench/hotset-broad-sweep-v2-rerun-20261006-110924/rows/067-confirm-raw-009-r02-local/logs/xindex_a_hotset-use-local_r1.log
confirm,raw-009,2,67,local,xindex,a,hotset-use-local,1,local,40.0042,10.0038,284887097,2.84779e+07,1136378880,2.84065e+07,0,/home/shin/arbiter/build/arbiter-bench/hotset-broad-sweep-v2-rerun-20261006-110924/rows/067-confirm-raw-009-r02-local/logs/xindex_a_hotset-use-local_r1.log
confirm,raw-009,2,67,local,xindex,a,hotset-use-local,1,local,50.0045,10.0002,283976391,2.8397e+07,1420355271,2.84046e+07,0,/home/shin/arbiter/build/arbiter-bench/hotset-broad-sweep-v2-rerun-20261006-110924/rows/067-confirm-raw-009-r02-local/logs/xindex_a_hotset-use-local_r1.log
confirm,raw-009,2,67,local,xindex,a,hotset-use-local,1,local,60.0038,9.99939,284786432,2.84804e+07,1705141703,2.84172e+07,1,/home/shin/arbiter/build/arbiter-bench/hotset-broad-sweep-v2-rerun-20261006-110924/rows/067-confirm-raw-009-r02-local/logs/xindex_a_hotset-use-local_r1.log
confirm,raw-009,2,68,cxl,xindex,a,hotset-use-target,1,remote,10.0004,10.0004,443671751,4.43655e+07,443671751,4.43655e+07,0,/home/shin/arbiter/build/arbiter-bench/hotset-broad-sweep-v2-rerun-20261006-110924/rows/068-confirm-raw-009-r02-cxl/logs/xindex_a_hotset-use-target_r1.log
confirm,raw-009,2,68,cxl,xindex,a,hotset-use-target,1,remote,20.0046,10.0042,444223801,4.44035e+07,887895552,4.43845e+07,0,/home/shin/arbiter/build/arbiter-bench/hotset-broad-sweep-v2-rerun-20261006-110924/rows/068-confirm-raw-009-r02-cxl/logs/xindex_a_hotset-use-target_r1.log
confirm,raw-009,2,68,cxl,xindex,a,hotset-use-target,1,remote,30.0041,9.99948,441803008,4.41826e+07,1329698560,4.43172e+07,0,/home/shin/arbiter/build/arbiter-bench/hotset-broad-sweep-v2-rerun-20261006-110924/rows/068-confirm-raw-009-r02-cxl/logs/xindex_a_hotset-use-target_r1.log
confirm,raw-009,2,68,cxl,xindex,a,hotset-use-target,1,remote,40.0004,9.99627,438210816,4.38374e+07,1767909376,4.41973e+07,0,/home/shin/arbiter/build/arbiter-bench/hotset-broad-sweep-v2-rerun-20261006-110924/rows/068-confirm-raw-009-r02-cxl/logs/xindex_a_hotset-use-target_r1.log
confirm,raw-009,2,68,cxl,xindex,a,hotset-use-target,1,remote,50.0005,10.0001,439172864,4.39169e+07,2207082240,4.41412e+07,0,/home/shin/arbiter/build/arbiter-bench/hotset-broad-sweep-v2-rerun-20261006-110924/rows/068-confirm-raw-009-r02-cxl/logs/xindex_a_hotset-use-target_r1.log
confirm,raw-009,2,68,cxl,xindex,a,hotset-use-target,1,remote,60.0038,10.0033,434757376,4.34614e+07,2641839616,4.40279e+07,1,/home/shin/arbiter/build/arbiter-bench/hotset-broad-sweep-v2-rerun-20261006-110924/rows/068-confirm-raw-009-r02-cxl/logs/xindex_a_hotset-use-target_r1.log
confirm,raw-009,3,69,cxl,xindex,a,hotset-use-target,1,remote,10.0004,10.0004,405602762,4.05588e+07,405602762,4.05588e+07,0,/home/shin/arbiter/build/arbiter-bench/hotset-broad-sweep-v2-rerun-20261006-110924/rows/069-confirm-raw-009-r03-cxl/logs/xindex_a_hotset-use-target_r1.log
confirm,raw-009,3,69,cxl,xindex,a,hotset-use-target,1,remote,20.0003,9.9999,401096647,4.01101e+07,806699409,4.03344e+07,0,/home/shin/arbiter/build/arbiter-bench/hotset-broad-sweep-v2-rerun-20261006-110924/rows/069-confirm-raw-009-r03-cxl/logs/xindex_a_hotset-use-target_r1.log
confirm,raw-009,3,69,cxl,xindex,a,hotset-use-target,1,remote,30.0006,10.0003,403601095,4.03589e+07,1210300504,4.03426e+07,0,/home/shin/arbiter/build/arbiter-bench/hotset-broad-sweep-v2-rerun-20261006-110924/rows/069-confirm-raw-009-r03-cxl/logs/xindex_a_hotset-use-target_r1.log
confirm,raw-009,3,69,cxl,xindex,a,hotset-use-target,1,remote,40.0041,10.0035,399038350,3.98898e+07,1609338854,4.02294e+07,0,/home/shin/arbiter/build/arbiter-bench/hotset-broad-sweep-v2-rerun-20261006-110924/rows/069-confirm-raw-009-r03-cxl/logs/xindex_a_hotset-use-target_r1.log
confirm,raw-009,3,69,cxl,xindex,a,hotset-use-target,1,remote,50.0004,9.99627,401865927,4.02016e+07,2011204781,4.02238e+07,0,/home/shin/arbiter/build/arbiter-bench/hotset-broad-sweep-v2-rerun-20261006-110924/rows/069-confirm-raw-009-r03-cxl/logs/xindex_a_hotset-use-target_r1.log
confirm,raw-009,3,69,cxl,xindex,a,hotset-use-target,1,remote,60.0026,10.0022,401133568,4.01045e+07,2412338349,4.02039e+07,1,/home/shin/arbiter/build/arbiter-bench/hotset-broad-sweep-v2-rerun-20261006-110924/rows/069-confirm-raw-009-r03-cxl/logs/xindex_a_hotset-use-target_r1.log
confirm,raw-009,3,70,local,xindex,a,hotset-use-local,1,local,10.0004,10.0004,283625216,2.83615e+07,283625216,2.83615e+07,0,/home/shin/arbiter/build/arbiter-bench/hotset-broad-sweep-v2-rerun-20261006-110924/rows/070-confirm-raw-009-r03-local/logs/xindex_a_hotset-use-local_r1.log
confirm,raw-009,3,70,local,xindex,a,hotset-use-local,1,local,20.0005,10.0001,280969984,2.80967e+07,564595200,2.82291e+07,0,/home/shin/arbiter/build/arbiter-bench/hotset-broad-sweep-v2-rerun-20261006-110924/rows/070-confirm-raw-009-r03-local/logs/xindex_a_hotset-use-local_r1.log
confirm,raw-009,3,70,local,xindex,a,hotset-use-local,1,local,30.0007,10.0002,279956935,2.79951e+07,844552135,2.81511e+07,0,/home/shin/arbiter/build/arbiter-bench/hotset-broad-sweep-v2-rerun-20261006-110924/rows/070-confirm-raw-009-r03-local/logs/xindex_a_hotset-use-local_r1.log
confirm,raw-009,3,70,local,xindex,a,hotset-use-local,1,local,40.0005,9.99979,282631225,2.82637e+07,1127183360,2.81793e+07,0,/home/shin/arbiter/build/arbiter-bench/hotset-broad-sweep-v2-rerun-20261006-110924/rows/070-confirm-raw-009-r03-local/logs/xindex_a_hotset-use-local_r1.log
confirm,raw-009,3,70,local,xindex,a,hotset-use-local,1,local,50.0006,10.0001,282031104,2.82028e+07,1409214464,2.8184e+07,0,/home/shin/arbiter/build/arbiter-bench/hotset-broad-sweep-v2-rerun-20261006-110924/rows/070-confirm-raw-009-r03-local/logs/xindex_a_hotset-use-local_r1.log
confirm,raw-009,3,70,local,xindex,a,hotset-use-local,1,local,60.0039,10.0033,283866510,2.83773e+07,1693080974,2.82162e+07,1,/home/shin/arbiter/build/arbiter-bench/hotset-broad-sweep-v2-rerun-20261006-110924/rows/070-confirm-raw-009-r03-local/logs/xindex_a_hotset-use-local_r1.log
confirm,raw-014,2,71,local,xindex,a,hotset-use-local,1,local,10.0005,10.0005,271355904,2.71343e+07,271355904,2.71343e+07,0,/home/shin/arbiter/build/arbiter-bench/hotset-broad-sweep-v2-rerun-20261006-110924/rows/071-confirm-raw-014-r02-local/logs/xindex_a_hotset-use-local_r1.log
confirm,raw-014,2,71,local,xindex,a,hotset-use-local,1,local,20.0043,10.0038,270338990,2.70237e+07,541694894,2.7079e+07,0,/home/shin/arbiter/build/arbiter-bench/hotset-broad-sweep-v2-rerun-20261006-110924/rows/071-confirm-raw-014-r02-local/logs/xindex_a_hotset-use-local_r1.log
confirm,raw-014,2,71,local,xindex,a,hotset-use-local,1,local,30.0041,9.99989,271100302,2.71103e+07,812795196,2.70894e+07,0,/home/shin/arbiter/build/arbiter-bench/hotset-broad-sweep-v2-rerun-20261006-110924/rows/071-confirm-raw-014-r02-local/logs/xindex_a_hotset-use-local_r1.log
confirm,raw-014,2,71,local,xindex,a,hotset-use-local,1,local,40.0005,9.99633,269167044,2.69266e+07,1081962240,2.70487e+07,0,/home/shin/arbiter/build/arbiter-bench/hotset-broad-sweep-v2-rerun-20261006-110924/rows/071-confirm-raw-014-r02-local/logs/xindex_a_hotset-use-local_r1.log
confirm,raw-014,2,71,local,xindex,a,hotset-use-local,1,local,50.0042,10.0038,269387125,2.69285e+07,1351349365,2.70247e+07,0,/home/shin/arbiter/build/arbiter-bench/hotset-broad-sweep-v2-rerun-20261006-110924/rows/071-confirm-raw-014-r02-local/logs/xindex_a_hotset-use-local_r1.log
confirm,raw-014,2,71,local,xindex,a,hotset-use-local,1,local,60.0007,9.99648,268456277,2.68551e+07,1619805642,2.69964e+07,1,/home/shin/arbiter/build/arbiter-bench/hotset-broad-sweep-v2-rerun-20261006-110924/rows/071-confirm-raw-014-r02-local/logs/xindex_a_hotset-use-local_r1.log
confirm,raw-014,2,72,cxl,xindex,a,hotset-use-target,1,remote,10.0051,10.0051,401415765,4.01211e+07,401415765,4.01211e+07,0,/home/shin/arbiter/build/arbiter-bench/hotset-broad-sweep-v2-rerun-20261006-110924/rows/072-confirm-raw-014-r02-cxl/logs/xindex_a_hotset-use-target_r1.log
confirm,raw-014,2,72,cxl,xindex,a,hotset-use-target,1,remote,20.0004,9.99527,401764722,4.01955e+07,803180487,4.01583e+07,0,/home/shin/arbiter/build/arbiter-bench/hotset-broad-sweep-v2-rerun-20261006-110924/rows/072-confirm-raw-014-r02-cxl/logs/xindex_a_hotset-use-target_r1.log
confirm,raw-014,2,72,cxl,xindex,a,hotset-use-target,1,remote,30.0006,10.0002,402865351,4.02857e+07,1206045838,4.02008e+07,0,/home/shin/arbiter/build/arbiter-bench/hotset-broad-sweep-v2-rerun-20261006-110924/rows/072-confirm-raw-014-r02-cxl/logs/xindex_a_hotset-use-target_r1.log
confirm,raw-014,2,72,cxl,xindex,a,hotset-use-target,1,remote,40.0004,9.99979,406396928,4.06405e+07,1612442766,4.03107e+07,0,/home/shin/arbiter/build/arbiter-bench/hotset-broad-sweep-v2-rerun-20261006-110924/rows/072-confirm-raw-014-r02-cxl/logs/xindex_a_hotset-use-target_r1.log
confirm,raw-014,2,72,cxl,xindex,a,hotset-use-target,1,remote,50.0003,9.9999,407015936,4.0702e+07,2019458702,4.0389e+07,0,/home/shin/arbiter/build/arbiter-bench/hotset-broad-sweep-v2-rerun-20261006-110924/rows/072-confirm-raw-014-r02-cxl/logs/xindex_a_hotset-use-target_r1.log
confirm,raw-014,2,72,cxl,xindex,a,hotset-use-target,1,remote,60.004,10.0037,405988608,4.05838e+07,2425447310,4.04214e+07,1,/home/shin/arbiter/build/arbiter-bench/hotset-broad-sweep-v2-rerun-20261006-110924/rows/072-confirm-raw-014-r02-cxl/logs/xindex_a_hotset-use-target_r1.log
confirm,raw-014,3,73,cxl,xindex,a,hotset-use-target,1,remote,10.0049,10.0049,460853703,4.6063e+07,460853703,4.6063e+07,0,/home/shin/arbiter/build/arbiter-bench/hotset-broad-sweep-v2-rerun-20261006-110924/rows/073-confirm-raw-014-r03-cxl/logs/xindex_a_hotset-use-target_r1.log
confirm,raw-014,3,73,cxl,xindex,a,hotset-use-target,1,remote,20.0003,9.99541,460729088,4.60941e+07,921582791,4.60785e+07,0,/home/shin/arbiter/build/arbiter-bench/hotset-broad-sweep-v2-rerun-20261006-110924/rows/073-confirm-raw-014-r03-cxl/logs/xindex_a_hotset-use-target_r1.log
confirm,raw-014,3,73,cxl,xindex,a,hotset-use-target,1,remote,30.0003,10,460300544,4.60301e+07,1381883335,4.60624e+07,0,/home/shin/arbiter/build/arbiter-bench/hotset-broad-sweep-v2-rerun-20261006-110924/rows/073-confirm-raw-014-r03-cxl/logs/xindex_a_hotset-use-target_r1.log
confirm,raw-014,3,73,cxl,xindex,a,hotset-use-target,1,remote,40.0003,10,460227072,4.60227e+07,1842110407,4.60525e+07,0,/home/shin/arbiter/build/arbiter-bench/hotset-broad-sweep-v2-rerun-20261006-110924/rows/073-confirm-raw-014-r03-cxl/logs/xindex_a_hotset-use-target_r1.log
confirm,raw-014,3,73,cxl,xindex,a,hotset-use-target,1,remote,50.0005,10.0002,461178112,4.61168e+07,2303288519,4.60653e+07,0,/home/shin/arbiter/build/arbiter-bench/hotset-broad-sweep-v2-rerun-20261006-110924/rows/073-confirm-raw-014-r03-cxl/logs/xindex_a_hotset-use-target_r1.log
confirm,raw-014,3,73,cxl,xindex,a,hotset-use-target,1,remote,60.0038,10.0033,460078675,4.59927e+07,2763367194,4.60532e+07,1,/home/shin/arbiter/build/arbiter-bench/hotset-broad-sweep-v2-rerun-20261006-110924/rows/073-confirm-raw-014-r03-cxl/logs/xindex_a_hotset-use-target_r1.log
confirm,raw-014,3,74,local,xindex,a,hotset-use-local,1,local,10.0005,10.0005,274164224,2.74151e+07,274164224,2.74151e+07,0,/home/shin/arbiter/build/arbiter-bench/hotset-broad-sweep-v2-rerun-20261006-110924/rows/074-confirm-raw-014-r03-local/logs/xindex_a_hotset-use-local_r1.log
confirm,raw-014,3,74,local,xindex,a,hotset-use-local,1,local,20.0006,10.0001,273221831,2.73219e+07,547386055,2.73685e+07,0,/home/shin/arbiter/build/arbiter-bench/hotset-broad-sweep-v2-rerun-20261006-110924/rows/074-confirm-raw-014-r03-local/logs/xindex_a_hotset-use-local_r1.log
confirm,raw-014,3,74,local,xindex,a,hotset-use-local,1,local,30.0007,10.0001,274389447,2.74387e+07,821775502,2.73919e+07,0,/home/shin/arbiter/build/arbiter-bench/hotset-broad-sweep-v2-rerun-20261006-110924/rows/074-confirm-raw-014-r03-local/logs/xindex_a_hotset-use-local_r1.log
confirm,raw-014,3,74,local,xindex,a,hotset-use-local,1,local,40.0007,10,275348281,2.75348e+07,1097123783,2.74276e+07,0,/home/shin/arbiter/build/arbiter-bench/hotset-broad-sweep-v2-rerun-20261006-110924/rows/074-confirm-raw-014-r03-local/logs/xindex_a_hotset-use-local_r1.log
confirm,raw-014,3,74,local,xindex,a,hotset-use-local,1,local,50.0006,9.99989,273818624,2.73822e+07,1370942407,2.74185e+07,0,/home/shin/arbiter/build/arbiter-bench/hotset-broad-sweep-v2-rerun-20261006-110924/rows/074-confirm-raw-014-r03-local/logs/xindex_a_hotset-use-local_r1.log
confirm,raw-014,3,74,local,xindex,a,hotset-use-local,1,local,60.0029,10.0023,273149070,2.73086e+07,1644091477,2.74002e+07,1,/home/shin/arbiter/build/arbiter-bench/hotset-broad-sweep-v2-rerun-20261006-110924/rows/074-confirm-raw-014-r03-local/logs/xindex_a_hotset-use-local_r1.log
confirm,raw-036,2,75,local,xindex,a,hotset-use-local,1,local,10.0005,10.0005,282752768,2.82739e+07,282752768,2.82739e+07,0,/home/shin/arbiter/build/arbiter-bench/hotset-broad-sweep-v2-rerun-20261006-110924/rows/075-confirm-raw-036-r02-local/logs/xindex_a_hotset-use-local_r1.log
confirm,raw-036,2,75,local,xindex,a,hotset-use-local,1,local,20.0005,10,283769856,2.8377e+07,566522624,2.83255e+07,0,/home/shin/arbiter/build/arbiter-bench/hotset-broad-sweep-v2-rerun-20261006-110924/rows/075-confirm-raw-036-r02-local/logs/xindex_a_hotset-use-local_r1.log
confirm,raw-036,2,75,local,xindex,a,hotset-use-local,1,local,30.0005,10,285026734,2.85027e+07,851549358,2.83845e+07,0,/home/shin/arbiter/build/arbiter-bench/hotset-broad-sweep-v2-rerun-20261006-110924/rows/075-confirm-raw-036-r02-local/logs/xindex_a_hotset-use-local_r1.log
confirm,raw-036,2,75,local,xindex,a,hotset-use-local,1,local,40.0005,10,284778322,2.84778e+07,1136327680,2.84079e+07,0,/home/shin/arbiter/build/arbiter-bench/hotset-broad-sweep-v2-rerun-20261006-110924/rows/075-confirm-raw-036-r02-local/logs/xindex_a_hotset-use-local_r1.log
confirm,raw-036,2,75,local,xindex,a,hotset-use-local,1,local,50.0005,10,284257710,2.84258e+07,1420585390,2.84114e+07,0,/home/shin/arbiter/build/arbiter-bench/hotset-broad-sweep-v2-rerun-20261006-110924/rows/075-confirm-raw-036-r02-local/logs/xindex_a_hotset-use-local_r1.log
confirm,raw-036,2,75,local,xindex,a,hotset-use-local,1,local,60.0026,10.0021,283000832,2.82942e+07,1703586222,2.83919e+07,1,/home/shin/arbiter/build/arbiter-bench/hotset-broad-sweep-v2-rerun-20261006-110924/rows/075-confirm-raw-036-r02-local/logs/xindex_a_hotset-use-local_r1.log
confirm,raw-036,2,76,cxl,xindex,a,hotset-use-target,1,remote,10.0081,10.0081,444604103,4.44246e+07,444604103,4.44246e+07,0,/home/shin/arbiter/build/arbiter-bench/hotset-broad-sweep-v2-rerun-20261006-110924/rows/076-confirm-raw-036-r02-cxl/logs/xindex_a_hotset-use-target_r1.log
confirm,raw-036,2,76,cxl,xindex,a,hotset-use-target,1,remote,20.0004,9.99232,437410617,4.37747e+07,882014720,4.40999e+07,0,/home/shin/arbiter/build/arbiter-bench/hotset-broad-sweep-v2-rerun-20261006-110924/rows/076-confirm-raw-036-r02-cxl/logs/xindex_a_hotset-use-target_r1.log
confirm,raw-036,2,76,cxl,xindex,a,hotset-use-target,1,remote,30.0004,10,440083968,4.40084e+07,1322098688,4.40694e+07,0,/home/shin/arbiter/build/arbiter-bench/hotset-broad-sweep-v2-rerun-20261006-110924/rows/076-confirm-raw-036-r02-cxl/logs/xindex_a_hotset-use-target_r1.log
confirm,raw-036,2,76,cxl,xindex,a,hotset-use-target,1,remote,40.0004,10,447380992,4.47381e+07,1769479680,4.42366e+07,0,/home/shin/arbiter/build/arbiter-bench/hotset-broad-sweep-v2-rerun-20261006-110924/rows/076-confirm-raw-036-r02-cxl/logs/xindex_a_hotset-use-target_r1.log
confirm,raw-036,2,76,cxl,xindex,a,hotset-use-target,1,remote,50.0043,10.0039,442656256,4.42482e+07,2212135936,4.42389e+07,0,/home/shin/arbiter/build/arbiter-bench/hotset-broad-sweep-v2-rerun-20261006-110924/rows/076-confirm-raw-036-r02-cxl/logs/xindex_a_hotset-use-target_r1.log
confirm,raw-036,2,76,cxl,xindex,a,hotset-use-target,1,remote,60.0035,9.99921,445922560,4.45958e+07,2658058496,4.42984e+07,1,/home/shin/arbiter/build/arbiter-bench/hotset-broad-sweep-v2-rerun-20261006-110924/rows/076-confirm-raw-036-r02-cxl/logs/xindex_a_hotset-use-target_r1.log
confirm,raw-036,3,77,cxl,xindex,a,hotset-use-target,1,remote,10.0088,10.0088,409343317,4.08985e+07,409343317,4.08985e+07,0,/home/shin/arbiter/build/arbiter-bench/hotset-broad-sweep-v2-rerun-20261006-110924/rows/077-confirm-raw-036-r03-cxl/logs/xindex_a_hotset-use-target_r1.log
confirm,raw-036,3,77,cxl,xindex,a,hotset-use-target,1,remote,20.0009,9.99211,405745038,4.06065e+07,815088355,4.07527e+07,0,/home/shin/arbiter/build/arbiter-bench/hotset-broad-sweep-v2-rerun-20261006-110924/rows/077-confirm-raw-036-r03-cxl/logs/xindex_a_hotset-use-target_r1.log
confirm,raw-036,3,77,cxl,xindex,a,hotset-use-target,1,remote,30.0004,9.9995,408687303,4.08708e+07,1223775658,4.0792e+07,0,/home/shin/arbiter/build/arbiter-bench/hotset-broad-sweep-v2-rerun-20261006-110924/rows/077-confirm-raw-036-r03-cxl/logs/xindex_a_hotset-use-target_r1.log
confirm,raw-036,3,77,cxl,xindex,a,hotset-use-target,1,remote,40.0008,10.0004,410844217,4.10828e+07,1634619875,4.08647e+07,0,/home/shin/arbiter/build/arbiter-bench/hotset-broad-sweep-v2-rerun-20261006-110924/rows/077-confirm-raw-036-r03-cxl/logs/xindex_a_hotset-use-target_r1.log
confirm,raw-036,3,77,cxl,xindex,a,hotset-use-target,1,remote,50.0003,9.9995,407903232,4.07924e+07,2042523107,4.08502e+07,0,/home/shin/arbiter/build/arbiter-bench/hotset-broad-sweep-v2-rerun-20261006-110924/rows/077-confirm-raw-036-r03-cxl/logs/xindex_a_hotset-use-target_r1.log
confirm,raw-036,3,77,cxl,xindex,a,hotset-use-target,1,remote,60.002,10.0018,408065024,4.07993e+07,2450588131,4.08417e+07,1,/home/shin/arbiter/build/arbiter-bench/hotset-broad-sweep-v2-rerun-20261006-110924/rows/077-confirm-raw-036-r03-cxl/logs/xindex_a_hotset-use-target_r1.log
confirm,raw-036,3,78,local,xindex,a,hotset-use-local,1,local,10.0005,10.0005,286748928,2.86735e+07,286748928,2.86735e+07,0,/home/shin/arbiter/build/arbiter-bench/hotset-broad-sweep-v2-rerun-20261006-110924/rows/078-confirm-raw-036-r03-local/logs/xindex_a_hotset-use-local_r1.log
confirm,raw-036,3,78,local,xindex,a,hotset-use-local,1,local,20.0041,10.0036,287512576,2.87408e+07,574261504,2.87072e+07,0,/home/shin/arbiter/build/arbiter-bench/hotset-broad-sweep-v2-rerun-20261006-110924/rows/078-confirm-raw-036-r03-local/logs/xindex_a_hotset-use-local_r1.log
confirm,raw-036,3,78,local,xindex,a,hotset-use-local,1,local,30.0006,9.99647,287135175,2.87236e+07,861396679,2.87127e+07,0,/home/shin/arbiter/build/arbiter-bench/hotset-broad-sweep-v2-rerun-20261006-110924/rows/078-confirm-raw-036-r03-local/logs/xindex_a_hotset-use-local_r1.log
confirm,raw-036,3,78,local,xindex,a,hotset-use-local,1,local,40.0044,10.0038,286374059,2.86266e+07,1147770738,2.86911e+07,0,/home/shin/arbiter/build/arbiter-bench/hotset-broad-sweep-v2-rerun-20261006-110924/rows/078-confirm-raw-036-r03-local/logs/xindex_a_hotset-use-local_r1.log
confirm,raw-036,3,78,local,xindex,a,hotset-use-local,1,local,50.0043,9.99991,286968661,2.86971e+07,1434739399,2.86923e+07,0,/home/shin/arbiter/build/arbiter-bench/hotset-broad-sweep-v2-rerun-20261006-110924/rows/078-confirm-raw-036-r03-local/logs/xindex_a_hotset-use-local_r1.log
confirm,raw-036,3,78,local,xindex,a,hotset-use-local,1,local,60.0033,9.99902,287329536,2.87358e+07,1722068935,2.86996e+07,1,/home/shin/arbiter/build/arbiter-bench/hotset-broad-sweep-v2-rerun-20261006-110924/rows/078-confirm-raw-036-r03-local/logs/xindex_a_hotset-use-local_r1.log
confirm,raw-003,2,79,local,xindex,a,hotset-use-local,1,local,10.0051,10.0051,268066304,2.6793e+07,268066304,2.6793e+07,0,/home/shin/arbiter/build/arbiter-bench/hotset-broad-sweep-v2-rerun-20261006-110924/rows/079-confirm-raw-003-r02-local/logs/xindex_a_hotset-use-local_r1.log
confirm,raw-003,2,79,local,xindex,a,hotset-use-local,1,local,20.0005,9.99537,268519424,2.68644e+07,536585728,2.68287e+07,0,/home/shin/arbiter/build/arbiter-bench/hotset-broad-sweep-v2-rerun-20261006-110924/rows/079-confirm-raw-003-r02-local/logs/xindex_a_hotset-use-local_r1.log
confirm,raw-003,2,79,local,xindex,a,hotset-use-local,1,local,30.0005,10,269571925,2.69572e+07,806157653,2.68715e+07,0,/home/shin/arbiter/build/arbiter-bench/hotset-broad-sweep-v2-rerun-20261006-110924/rows/079-confirm-raw-003-r02-local/logs/xindex_a_hotset-use-local_r1.log
confirm,raw-003,2,79,local,xindex,a,hotset-use-local,1,local,40.0006,10.0001,270525355,2.70523e+07,1076683008,2.69167e+07,0,/home/shin/arbiter/build/arbiter-bench/hotset-broad-sweep-v2-rerun-20261006-110924/rows/079-confirm-raw-003-r02-local/logs/xindex_a_hotset-use-local_r1.log
confirm,raw-003,2,79,local,xindex,a,hotset-use-local,1,local,50.0011,10.0005,268025600,2.68012e+07,1344708608,2.68936e+07,0,/home/shin/arbiter/build/arbiter-bench/hotset-broad-sweep-v2-rerun-20261006-110924/rows/079-confirm-raw-003-r02-local/logs/xindex_a_hotset-use-local_r1.log
confirm,raw-003,2,79,local,xindex,a,hotset-use-local,1,local,60.0031,10.002,269585635,2.69532e+07,1614294243,2.69035e+07,1,/home/shin/arbiter/build/arbiter-bench/hotset-broad-sweep-v2-rerun-20261006-110924/rows/079-confirm-raw-003-r02-local/logs/xindex_a_hotset-use-local_r1.log
confirm,raw-003,2,80,cxl,xindex,a,hotset-use-target,1,remote,10.0042,10.0042,373634048,3.73478e+07,373634048,3.73478e+07,0,/home/shin/arbiter/build/arbiter-bench/hotset-broad-sweep-v2-rerun-20261006-110924/rows/080-confirm-raw-003-r02-cxl/logs/xindex_a_hotset-use-target_r1.log
confirm,raw-003,2,80,cxl,xindex,a,hotset-use-target,1,remote,20.0002,9.99601,374266624,3.74416e+07,747900672,3.73947e+07,0,/home/shin/arbiter/build/arbiter-bench/hotset-broad-sweep-v2-rerun-20261006-110924/rows/080-confirm-raw-003-r02-cxl/logs/xindex_a_hotset-use-target_r1.log
confirm,raw-003,2,80,cxl,xindex,a,hotset-use-target,1,remote,30.0005,10.0003,375154176,3.75143e+07,1123054848,3.74346e+07,0,/home/shin/arbiter/build/arbiter-bench/hotset-broad-sweep-v2-rerun-20261006-110924/rows/080-confirm-raw-003-r02-cxl/logs/xindex_a_hotset-use-target_r1.log
confirm,raw-003,2,80,cxl,xindex,a,hotset-use-target,1,remote,40.0041,10.0036,375421440,3.75285e+07,1498476288,3.74581e+07,0,/home/shin/arbiter/build/arbiter-bench/hotset-broad-sweep-v2-rerun-20261006-110924/rows/080-confirm-raw-003-r02-cxl/logs/xindex_a_hotset-use-target_r1.log
confirm,raw-003,2,80,cxl,xindex,a,hotset-use-target,1,remote,50.0041,10,376489216,3.76487e+07,1874965504,3.74962e+07,0,/home/shin/arbiter/build/arbiter-bench/hotset-broad-sweep-v2-rerun-20261006-110924/rows/080-confirm-raw-003-r02-cxl/logs/xindex_a_hotset-use-target_r1.log
confirm,raw-003,2,80,cxl,xindex,a,hotset-use-target,1,remote,60.0053,10.0011,378909696,3.78868e+07,2253875200,3.75613e+07,1,/home/shin/arbiter/build/arbiter-bench/hotset-broad-sweep-v2-rerun-20261006-110924/rows/080-confirm-raw-003-r02-cxl/logs/xindex_a_hotset-use-target_r1.log
confirm,raw-003,3,81,cxl,xindex,a,hotset-use-target,1,remote,10.0041,10.0041,460496384,4.60308e+07,460496384,4.60308e+07,0,/home/shin/arbiter/build/arbiter-bench/hotset-broad-sweep-v2-rerun-20261006-110924/rows/081-confirm-raw-003-r03-cxl/logs/xindex_a_hotset-use-target_r1.log
confirm,raw-003,3,81,cxl,xindex,a,hotset-use-target,1,remote,20.0003,9.99617,450799360,4.50972e+07,911295744,4.55642e+07,0,/home/shin/arbiter/build/arbiter-bench/hotset-broad-sweep-v2-rerun-20261006-110924/rows/081-confirm-raw-003-r03-cxl/logs/xindex_a_hotset-use-target_r1.log
confirm,raw-003,3,81,cxl,xindex,a,hotset-use-target,1,remote,30.0003,10,450766592,4.50767e+07,1362062336,4.54017e+07,0,/home/shin/arbiter/build/arbiter-bench/hotset-broad-sweep-v2-rerun-20261006-110924/rows/081-confirm-raw-003-r03-cxl/logs/xindex_a_hotset-use-target_r1.log
confirm,raw-003,3,81,cxl,xindex,a,hotset-use-target,1,remote,40.0041,10.0038,457283072,4.57108e+07,1819345408,4.5479e+07,0,/home/shin/arbiter/build/arbiter-bench/hotset-broad-sweep-v2-rerun-20261006-110924/rows/081-confirm-raw-003-r03-cxl/logs/xindex_a_hotset-use-target_r1.log
confirm,raw-003,3,81,cxl,xindex,a,hotset-use-target,1,remote,50.0041,10.0001,454727936,4.54726e+07,2274073344,4.54777e+07,0,/home/shin/arbiter/build/arbiter-bench/hotset-broad-sweep-v2-rerun-20261006-110924/rows/081-confirm-raw-003-r03-cxl/logs/xindex_a_hotset-use-target_r1.log
confirm,raw-003,3,81,cxl,xindex,a,hotset-use-target,1,remote,60.0043,10.0001,456184320,4.56179e+07,2730257664,4.55011e+07,1,/home/shin/arbiter/build/arbiter-bench/hotset-broad-sweep-v2-rerun-20261006-110924/rows/081-confirm-raw-003-r03-cxl/logs/xindex_a_hotset-use-target_r1.log
confirm,raw-003,3,82,local,xindex,a,hotset-use-local,1,local,10.0055,10.0055,284889856,2.84734e+07,284889856,2.84734e+07,0,/home/shin/arbiter/build/arbiter-bench/hotset-broad-sweep-v2-rerun-20261006-110924/rows/082-confirm-raw-003-r03-local/logs/xindex_a_hotset-use-local_r1.log
confirm,raw-003,3,82,local,xindex,a,hotset-use-local,1,local,20.001,9.99558,284994560,2.85121e+07,569884416,2.84927e+07,0,/home/shin/arbiter/build/arbiter-bench/hotset-broad-sweep-v2-rerun-20261006-110924/rows/082-confirm-raw-003-r03-local/logs/xindex_a_hotset-use-local_r1.log
confirm,raw-003,3,82,local,xindex,a,hotset-use-local,1,local,30.0005,9.99942,285287879,2.85304e+07,855172295,2.85053e+07,0,/home/shin/arbiter/build/arbiter-bench/hotset-broad-sweep-v2-rerun-20261006-110924/rows/082-confirm-raw-003-r03-local/logs/xindex_a_hotset-use-local_r1.log
confirm,raw-003,3,82,local,xindex,a,hotset-use-local,1,local,40.0006,10.0001,283762233,2.83759e+07,1138934528,2.8473e+07,0,/home/shin/arbiter/build/arbiter-bench/hotset-broad-sweep-v2-rerun-20261006-110924/rows/082-confirm-raw-003-r03-local/logs/xindex_a_hotset-use-local_r1.log
confirm,raw-003,3,82,local,xindex,a,hotset-use-local,1,local,50.0005,9.9999,285020103,2.85023e+07,1423954631,2.84788e+07,0,/home/shin/arbiter/build/arbiter-bench/hotset-broad-sweep-v2-rerun-20261006-110924/rows/082-confirm-raw-003-r03-local/logs/xindex_a_hotset-use-local_r1.log
confirm,raw-003,3,82,local,xindex,a,hotset-use-local,1,local,60.0038,10.0034,285227776,2.85132e+07,1709182407,2.84846e+07,1,/home/shin/arbiter/build/arbiter-bench/hotset-broad-sweep-v2-rerun-20261006-110924/rows/082-confirm-raw-003-r03-local/logs/xindex_a_hotset-use-local_r1.log
confirm,raw-030,2,83,local,xindex,a,hotset-use-local,1,local,10.0092,10.0092,269177856,2.68931e+07,269177856,2.68931e+07,0,/home/shin/arbiter/build/arbiter-bench/hotset-broad-sweep-v2-rerun-20261006-110924/rows/083-confirm-raw-030-r02-local/logs/xindex_a_hotset-use-local_r1.log
confirm,raw-030,2,83,local,xindex,a,hotset-use-local,1,local,20.0063,9.99717,271084544,2.71161e+07,540262400,2.70046e+07,0,/home/shin/arbiter/build/arbiter-bench/hotset-broad-sweep-v2-rerun-20261006-110924/rows/083-confirm-raw-030-r02-local/logs/xindex_a_hotset-use-local_r1.log
confirm,raw-030,2,83,local,xindex,a,hotset-use-local,1,local,30.004,9.9977,270510734,2.70573e+07,810773134,2.70221e+07,0,/home/shin/arbiter/build/arbiter-bench/hotset-broad-sweep-v2-rerun-20261006-110924/rows/083-confirm-raw-030-r02-local/logs/xindex_a_hotset-use-local_r1.log
confirm,raw-030,2,83,local,xindex,a,hotset-use-local,1,local,40.0023,9.99827,268930930,2.68978e+07,1079704064,2.6991e+07,0,/home/shin/arbiter/build/arbiter-bench/hotset-broad-sweep-v2-rerun-20261006-110924/rows/083-confirm-raw-030-r02-local/logs/xindex_a_hotset-use-local_r1.log
confirm,raw-030,2,83,local,xindex,a,hotset-use-local,1,local,50.0007,9.99837,269517824,2.69562e+07,1349221888,2.69841e+07,0,/home/shin/arbiter/build/arbiter-bench/hotset-broad-sweep-v2-rerun-20261006-110924/rows/083-confirm-raw-030-r02-local/logs/xindex_a_hotset-use-local_r1.log
confirm,raw-030,2,83,local,xindex,a,hotset-use-local,1,local,60.0074,10.0068,269215260,2.69033e+07,1618437148,2.69706e+07,1,/home/shin/arbiter/build/arbiter-bench/hotset-broad-sweep-v2-rerun-20261006-110924/rows/083-confirm-raw-030-r02-local/logs/xindex_a_hotset-use-local_r1.log
confirm,raw-030,2,84,cxl,xindex,a,hotset-use-target,1,remote,10.0042,10.0042,445908935,4.45722e+07,445908935,4.45722e+07,0,/home/shin/arbiter/build/arbiter-bench/hotset-broad-sweep-v2-rerun-20261006-110924/rows/084-confirm-raw-030-r02-cxl/logs/xindex_a_hotset-use-target_r1.log
confirm,raw-030,2,84,cxl,xindex,a,hotset-use-target,1,remote,20.0042,10.0001,440121145,4.40119e+07,886030080,4.42921e+07,0,/home/shin/arbiter/build/arbiter-bench/hotset-broad-sweep-v2-rerun-20261006-110924/rows/084-confirm-raw-030-r02-cxl/logs/xindex_a_hotset-use-target_r1.log
confirm,raw-030,2,84,cxl,xindex,a,hotset-use-target,1,remote,30.0003,9.99602,441094656,4.4127e+07,1327124736,4.42371e+07,0,/home/shin/arbiter/build/arbiter-bench/hotset-broad-sweep-v2-rerun-20261006-110924/rows/084-confirm-raw-030-r02-cxl/logs/xindex_a_hotset-use-target_r1.log
confirm,raw-030,2,84,cxl,xindex,a,hotset-use-target,1,remote,40.0004,10.0001,434190080,4.34186e+07,1761314816,4.40325e+07,0,/home/shin/arbiter/build/arbiter-bench/hotset-broad-sweep-v2-rerun-20261006-110924/rows/084-confirm-raw-030-r02-cxl/logs/xindex_a_hotset-use-target_r1.log
confirm,raw-030,2,84,cxl,xindex,a,hotset-use-target,1,remote,50.0041,10.0037,435311360,4.35149e+07,2196626176,4.39289e+07,0,/home/shin/arbiter/build/arbiter-bench/hotset-broad-sweep-v2-rerun-20261006-110924/rows/084-confirm-raw-030-r02-cxl/logs/xindex_a_hotset-use-target_r1.log
confirm,raw-030,2,84,cxl,xindex,a,hotset-use-target,1,remote,60.0028,9.99873,440271616,4.40327e+07,2636897792,4.39462e+07,1,/home/shin/arbiter/build/arbiter-bench/hotset-broad-sweep-v2-rerun-20261006-110924/rows/084-confirm-raw-030-r02-cxl/logs/xindex_a_hotset-use-target_r1.log
confirm,raw-030,3,85,cxl,xindex,a,hotset-use-target,1,remote,10.0042,10.0042,426222677,4.26044e+07,426222677,4.26044e+07,0,/home/shin/arbiter/build/arbiter-bench/hotset-broad-sweep-v2-rerun-20261006-110924/rows/085-confirm-raw-030-r03-cxl/logs/xindex_a_hotset-use-target_r1.log
confirm,raw-030,3,85,cxl,xindex,a,hotset-use-target,1,remote,20.0042,10,423310706,4.23311e+07,849533383,4.24678e+07,0,/home/shin/arbiter/build/arbiter-bench/hotset-broad-sweep-v2-rerun-20261006-110924/rows/085-confirm-raw-030-r03-cxl/logs/xindex_a_hotset-use-target_r1.log
confirm,raw-030,3,85,cxl,xindex,a,hotset-use-target,1,remote,30.0041,9.9999,425240064,4.25244e+07,1274773447,4.24866e+07,0,/home/shin/arbiter/build/arbiter-bench/hotset-broad-sweep-v2-rerun-20261006-110924/rows/085-confirm-raw-030-r03-cxl/logs/xindex_a_hotset-use-target_r1.log
confirm,raw-030,3,85,cxl,xindex,a,hotset-use-target,1,remote,40.0003,9.99617,421059328,4.21221e+07,1695832775,4.23955e+07,0,/home/shin/arbiter/build/arbiter-bench/hotset-broad-sweep-v2-rerun-20261006-110924/rows/085-confirm-raw-030-r03-cxl/logs/xindex_a_hotset-use-target_r1.log
confirm,raw-030,3,85,cxl,xindex,a,hotset-use-target,1,remote,50.0041,10.0038,428974592,4.2881e+07,2124807367,4.24927e+07,0,/home/shin/arbiter/build/arbiter-bench/hotset-broad-sweep-v2-rerun-20261006-110924/rows/085-confirm-raw-030-r03-cxl/logs/xindex_a_hotset-use-target_r1.log
confirm,raw-030,3,85,cxl,xindex,a,hotset-use-target,1,remote,60.0064,10.0023,426411577,4.26315e+07,2551218944,4.25158e+07,1,/home/shin/arbiter/build/arbiter-bench/hotset-broad-sweep-v2-rerun-20261006-110924/rows/085-confirm-raw-030-r03-cxl/logs/xindex_a_hotset-use-target_r1.log
confirm,raw-030,3,86,local,xindex,a,hotset-use-local,1,local,10.0006,10.0006,280025600,2.80009e+07,280025600,2.80009e+07,0,/home/shin/arbiter/build/arbiter-bench/hotset-broad-sweep-v2-rerun-20261006-110924/rows/086-confirm-raw-030-r03-local/logs/xindex_a_hotset-use-local_r1.log
confirm,raw-030,3,86,local,xindex,a,hotset-use-local,1,local,20.0007,10.0001,278870784,2.78868e+07,558896384,2.79439e+07,0,/home/shin/arbiter/build/arbiter-bench/hotset-broad-sweep-v2-rerun-20261006-110924/rows/086-confirm-raw-030-r03-local/logs/xindex_a_hotset-use-local_r1.log
confirm,raw-030,3,86,local,xindex,a,hotset-use-local,1,local,30.0005,9.99979,278410951,2.78417e+07,837307335,2.79098e+07,0,/home/shin/arbiter/build/arbiter-bench/hotset-broad-sweep-v2-rerun-20261006-110924/rows/086-confirm-raw-030-r03-local/logs/xindex_a_hotset-use-local_r1.log
confirm,raw-030,3,86,local,xindex,a,hotset-use-local,1,local,40.0042,10.0038,279758649,2.79653e+07,1117065984,2.79237e+07,0,/home/shin/arbiter/build/arbiter-bench/hotset-broad-sweep-v2-rerun-20261006-110924/rows/086-confirm-raw-030-r03-local/logs/xindex_a_hotset-use-local_r1.log
confirm,raw-030,3,86,local,xindex,a,hotset-use-local,1,local,50.0006,9.99633,279194311,2.79297e+07,1396260295,2.79249e+07,0,/home/shin/arbiter/build/arbiter-bench/hotset-broad-sweep-v2-rerun-20261006-110924/rows/086-confirm-raw-030-r03-local/logs/xindex_a_hotset-use-local_r1.log
confirm,raw-030,3,86,local,xindex,a,hotset-use-local,1,local,60.0032,10.0026,277946624,2.77873e+07,1674206919,2.7902e+07,1,/home/shin/arbiter/build/arbiter-bench/hotset-broad-sweep-v2-rerun-20261006-110924/rows/086-confirm-raw-030-r03-local/logs/xindex_a_hotset-use-local_r1.log
confirm,raw-047,2,87,local,xindex,a,hotset-use-local,1,local,10.0013,10.0013,288017152,2.8798e+07,288017152,2.8798e+07,0,/home/shin/arbiter/build/arbiter-bench/hotset-broad-sweep-v2-rerun-20261006-110924/rows/087-confirm-raw-047-r02-local/logs/xindex_a_hotset-use-local_r1.log
confirm,raw-047,2,87,local,xindex,a,hotset-use-local,1,local,20.0007,9.99937,287592448,2.87611e+07,575609600,2.87795e+07,0,/home/shin/arbiter/build/arbiter-bench/hotset-broad-sweep-v2-rerun-20261006-110924/rows/087-confirm-raw-047-r02-local/logs/xindex_a_hotset-use-local_r1.log
confirm,raw-047,2,87,local,xindex,a,hotset-use-local,1,local,30.0007,10,288525767,2.88526e+07,864135367,2.88039e+07,0,/home/shin/arbiter/build/arbiter-bench/hotset-broad-sweep-v2-rerun-20261006-110924/rows/087-confirm-raw-047-r02-local/logs/xindex_a_hotset-use-local_r1.log
confirm,raw-047,2,87,local,xindex,a,hotset-use-local,1,local,40.0008,10.0001,288124473,2.88121e+07,1152259840,2.88059e+07,0,/home/shin/arbiter/build/arbiter-bench/hotset-broad-sweep-v2-rerun-20261006-110924/rows/087-confirm-raw-047-r02-local/logs/xindex_a_hotset-use-local_r1.log
confirm,raw-047,2,87,local,xindex,a,hotset-use-local,1,local,50.0006,9.9998,286671559,2.86677e+07,1438931399,2.87783e+07,0,/home/shin/arbiter/build/arbiter-bench/hotset-broad-sweep-v2-rerun-20261006-110924/rows/087-confirm-raw-047-r02-local/logs/xindex_a_hotset-use-local_r1.log
confirm,raw-047,2,87,local,xindex,a,hotset-use-local,1,local,60.0034,10.0028,288462848,2.88383e+07,1727394247,2.87883e+07,1,/home/shin/arbiter/build/arbiter-bench/hotset-broad-sweep-v2-rerun-20261006-110924/rows/087-confirm-raw-047-r02-local/logs/xindex_a_hotset-use-local_r1.log
confirm,raw-047,2,88,cxl,xindex,a,hotset-use-target,1,remote,10.0003,10.0003,406851018,4.0684e+07,406851018,4.0684e+07,0,/home/shin/arbiter/build/arbiter-bench/hotset-broad-sweep-v2-rerun-20261006-110924/rows/088-confirm-raw-047-r02-cxl/logs/xindex_a_hotset-use-target_r1.log
confirm,raw-047,2,88,cxl,xindex,a,hotset-use-target,1,remote,20.0004,10.0001,409657344,4.09653e+07,816508362,4.08247e+07,0,/home/shin/arbiter/build/arbiter-bench/hotset-broad-sweep-v2-rerun-20261006-110924/rows/088-confirm-raw-047-r02-cxl/logs/xindex_a_hotset-use-target_r1.log
confirm,raw-047,2,88,cxl,xindex,a,hotset-use-target,1,remote,30.0041,10.0037,409914823,4.09762e+07,1226423185,4.08752e+07,0,/home/shin/arbiter/build/arbiter-bench/hotset-broad-sweep-v2-rerun-20261006-110924/rows/088-confirm-raw-047-r02-cxl/logs/xindex_a_hotset-use-target_r1.log
confirm,raw-047,2,88,cxl,xindex,a,hotset-use-target,1,remote,40.004,9.99995,408355666,4.08358e+07,1634778851,4.08653e+07,0,/home/shin/arbiter/build/arbiter-bench/hotset-broad-sweep-v2-rerun-20261006-110924/rows/088-confirm-raw-047-r02-cxl/logs/xindex_a_hotset-use-target_r1.log
confirm,raw-047,2,88,cxl,xindex,a,hotset-use-target,1,remote,50.0003,9.99622,412379705,4.12536e+07,2047158556,4.0943e+07,0,/home/shin/arbiter/build/arbiter-bench/hotset-broad-sweep-v2-rerun-20261006-110924/rows/088-confirm-raw-047-r02-cxl/logs/xindex_a_hotset-use-target_r1.log
confirm,raw-047,2,88,cxl,xindex,a,hotset-use-target,1,remote,60.0068,10.0066,413380153,4.13109e+07,2460538709,4.10043e+07,1,/home/shin/arbiter/build/arbiter-bench/hotset-broad-sweep-v2-rerun-20261006-110924/rows/088-confirm-raw-047-r02-cxl/logs/xindex_a_hotset-use-target_r1.log
confirm,raw-047,3,89,cxl,xindex,a,hotset-use-target,1,remote,10.0004,10.0004,420375893,4.2036e+07,420375893,4.2036e+07,0,/home/shin/arbiter/build/arbiter-bench/hotset-broad-sweep-v2-rerun-20261006-110924/rows/089-confirm-raw-047-r03-cxl/logs/xindex_a_hotset-use-target_r1.log
confirm,raw-047,3,89,cxl,xindex,a,hotset-use-target,1,remote,20.0041,10.0037,421362887,4.21206e+07,841738780,4.20783e+07,0,/home/shin/arbiter/build/arbiter-bench/hotset-broad-sweep-v2-rerun-20261006-110924/rows/089-confirm-raw-047-r03-cxl/logs/xindex_a_hotset-use-target_r1.log
confirm,raw-047,3,89,cxl,xindex,a,hotset-use-target,1,remote,30.0004,9.99627,430198699,4.30359e+07,1271937479,4.23974e+07,0,/home/shin/arbiter/build/arbiter-bench/hotset-broad-sweep-v2-rerun-20261006-110924/rows/089-confirm-raw-047-r03-cxl/logs/xindex_a_hotset-use-target_r1.log
confirm,raw-047,3,89,cxl,xindex,a,hotset-use-target,1,remote,40.0003,9.9999,423105593,4.2311e+07,1695043072,4.23758e+07,0,/home/shin/arbiter/build/arbiter-bench/hotset-broad-sweep-v2-rerun-20261006-110924/rows/089-confirm-raw-047-r03-cxl/logs/xindex_a_hotset-use-target_r1.log
confirm,raw-047,3,89,cxl,xindex,a,hotset-use-target,1,remote,50.0042,10.0039,426572544,4.26405e+07,2121615616,4.24287e+07,0,/home/shin/arbiter/build/arbiter-bench/hotset-broad-sweep-v2-rerun-20261006-110924/rows/089-confirm-raw-047-r03-cxl/logs/xindex_a_hotset-use-target_r1.log
confirm,raw-047,3,89,cxl,xindex,a,hotset-use-target,1,remote,60.004,9.99983,422251008,4.22258e+07,2543866624,4.23949e+07,1,/home/shin/arbiter/build/arbiter-bench/hotset-broad-sweep-v2-rerun-20261006-110924/rows/089-confirm-raw-047-r03-cxl/logs/xindex_a_hotset-use-target_r1.log
confirm,raw-047,3,90,local,xindex,a,hotset-use-local,1,local,10.0006,10.0006,279132416,2.79116e+07,279132416,2.79116e+07,0,/home/shin/arbiter/build/arbiter-bench/hotset-broad-sweep-v2-rerun-20261006-110924/rows/090-confirm-raw-047-r03-local/logs/xindex_a_hotset-use-local_r1.log
confirm,raw-047,3,90,local,xindex,a,hotset-use-local,1,local,20.0042,10.0037,278470343,2.78368e+07,557602759,2.78742e+07,0,/home/shin/arbiter/build/arbiter-bench/hotset-broad-sweep-v2-rerun-20261006-110924/rows/090-confirm-raw-047-r03-local/logs/xindex_a_hotset-use-local_r1.log
confirm,raw-047,3,90,local,xindex,a,hotset-use-local,1,local,30.0006,9.99632,278806528,2.78909e+07,836409287,2.78798e+07,0,/home/shin/arbiter/build/arbiter-bench/hotset-broad-sweep-v2-rerun-20261006-110924/rows/090-confirm-raw-047-r03-local/logs/xindex_a_hotset-use-local_r1.log
confirm,raw-047,3,90,local,xindex,a,hotset-use-local,1,local,40.0006,10,279317504,2.79317e+07,1115726791,2.78928e+07,0,/home/shin/arbiter/build/arbiter-bench/hotset-broad-sweep-v2-rerun-20261006-110924/rows/090-confirm-raw-047-r03-local/logs/xindex_a_hotset-use-local_r1.log
confirm,raw-047,3,90,local,xindex,a,hotset-use-local,1,local,50.0004,9.99979,277934848,2.77941e+07,1393661639,2.7873e+07,0,/home/shin/arbiter/build/arbiter-bench/hotset-broad-sweep-v2-rerun-20261006-110924/rows/090-confirm-raw-047-r03-local/logs/xindex_a_hotset-use-local_r1.log
confirm,raw-047,3,90,local,xindex,a,hotset-use-local,1,local,60.0034,10.003,278622151,2.78538e+07,1672283790,2.78698e+07,1,/home/shin/arbiter/build/arbiter-bench/hotset-broad-sweep-v2-rerun-20261006-110924/rows/090-confirm-raw-047-r03-local/logs/xindex_a_hotset-use-local_r1.log
final,raw-046,4,91,local,xindex,a,hotset-use-local,1,local,30.0005,30.0005,851178183,2.83722e+07,851178183,2.83722e+07,0,/home/shin/arbiter/build/arbiter-bench/hotset-broad-sweep-v2-rerun-20261006-110924/rows/091-final-raw-046-r04-local/logs/xindex_a_hotset-use-local_r1.log
final,raw-046,4,91,local,xindex,a,hotset-use-local,1,local,60.0004,29.9999,851964615,2.83989e+07,1703142798,2.83855e+07,0,/home/shin/arbiter/build/arbiter-bench/hotset-broad-sweep-v2-rerun-20261006-110924/rows/091-final-raw-046-r04-local/logs/xindex_a_hotset-use-local_r1.log
final,raw-046,4,91,local,xindex,a,hotset-use-local,1,local,90.0004,30,852910336,2.84303e+07,2556053134,2.84005e+07,0,/home/shin/arbiter/build/arbiter-bench/hotset-broad-sweep-v2-rerun-20261006-110924/rows/091-final-raw-046-r04-local/logs/xindex_a_hotset-use-local_r1.log
final,raw-046,4,91,local,xindex,a,hotset-use-local,1,local,120.004,30.0039,853489920,2.8446e+07,3409543054,2.84119e+07,0,/home/shin/arbiter/build/arbiter-bench/hotset-broad-sweep-v2-rerun-20261006-110924/rows/091-final-raw-046-r04-local/logs/xindex_a_hotset-use-local_r1.log
final,raw-046,4,91,local,xindex,a,hotset-use-local,1,local,150.004,29.9999,850193380,2.83399e+07,4259736434,2.83975e+07,0,/home/shin/arbiter/build/arbiter-bench/hotset-broad-sweep-v2-rerun-20261006-110924/rows/091-final-raw-046-r04-local/logs/xindex_a_hotset-use-local_r1.log
final,raw-046,4,91,local,xindex,a,hotset-use-local,1,local,180.006,30.0018,850905796,2.83618e+07,5110642230,2.83915e+07,1,/home/shin/arbiter/build/arbiter-bench/hotset-broad-sweep-v2-rerun-20261006-110924/rows/091-final-raw-046-r04-local/logs/xindex_a_hotset-use-local_r1.log
final,raw-046,4,92,cxl,xindex,a,hotset-use-target,1,remote,30.0003,30.0003,1707770311,5.69252e+07,1707770311,5.69252e+07,0,/home/shin/arbiter/build/arbiter-bench/hotset-broad-sweep-v2-rerun-20261006-110924/rows/092-final-raw-046-r04-cxl/logs/xindex_a_hotset-use-target_r1.log
final,raw-046,4,92,cxl,xindex,a,hotset-use-target,1,remote,60.0042,30.0039,1711121721,5.70299e+07,3418892032,5.69775e+07,0,/home/shin/arbiter/build/arbiter-bench/hotset-broad-sweep-v2-rerun-20261006-110924/rows/092-final-raw-046-r04-cxl/logs/xindex_a_hotset-use-target_r1.log
final,raw-046,4,92,cxl,xindex,a,hotset-use-target,1,remote,90.0041,29.9999,1707442916,5.6915e+07,5126334948,5.69567e+07,0,/home/shin/arbiter/build/arbiter-bench/hotset-broad-sweep-v2-rerun-20261006-110924/rows/092-final-raw-046-r04-cxl/logs/xindex_a_hotset-use-target_r1.log
final,raw-046,4,92,cxl,xindex,a,hotset-use-target,1,remote,120,29.9962,1709946313,5.70055e+07,6836281261,5.69689e+07,0,/home/shin/arbiter/build/arbiter-bench/hotset-broad-sweep-v2-rerun-20261006-110924/rows/092-final-raw-046-r04-cxl/logs/xindex_a_hotset-use-target_r1.log
final,raw-046,4,92,cxl,xindex,a,hotset-use-target,1,remote,150.004,30.0038,1708917928,5.69567e+07,8545199189,5.69664e+07,0,/home/shin/arbiter/build/arbiter-bench/hotset-broad-sweep-v2-rerun-20261006-110924/rows/092-final-raw-046-r04-cxl/logs/xindex_a_hotset-use-target_r1.log
final,raw-046,4,92,cxl,xindex,a,hotset-use-target,1,remote,180.002,29.9984,1707755663,5.69282e+07,10252954852,5.69601e+07,1,/home/shin/arbiter/build/arbiter-bench/hotset-broad-sweep-v2-rerun-20261006-110924/rows/092-final-raw-046-r04-cxl/logs/xindex_a_hotset-use-target_r1.log
final,raw-046,5,93,cxl,xindex,a,hotset-use-target,1,remote,30.0003,30.0003,1709048320,5.69678e+07,1709048320,5.69678e+07,0,/home/shin/arbiter/build/arbiter-bench/hotset-broad-sweep-v2-rerun-20261006-110924/rows/093-final-raw-046-r05-cxl/logs/xindex_a_hotset-use-target_r1.log
final,raw-046,5,93,cxl,xindex,a,hotset-use-target,1,remote,60.0041,30.0039,1709196288,5.69659e+07,3418244608,5.69668e+07,0,/home/shin/arbiter/build/arbiter-bench/hotset-broad-sweep-v2-rerun-20261006-110924/rows/093-final-raw-046-r05-cxl/logs/xindex_a_hotset-use-target_r1.log
final,raw-046,5,93,cxl,xindex,a,hotset-use-target,1,remote,90.0002,29.996,1715385512,5.71871e+07,5133630120,5.70402e+07,0,/home/shin/arbiter/build/arbiter-bench/hotset-broad-sweep-v2-rerun-20261006-110924/rows/093-final-raw-046-r05-cxl/logs/xindex_a_hotset-use-target_r1.log
final,raw-046,5,93,cxl,xindex,a,hotset-use-target,1,remote,120,30.0001,1714702366,5.71566e+07,6848332486,5.70693e+07,0,/home/shin/arbiter/build/arbiter-bench/hotset-broad-sweep-v2-rerun-20261006-110924/rows/093-final-raw-046-r05-cxl/logs/xindex_a_hotset-use-target_r1.log
final,raw-046,5,93,cxl,xindex,a,hotset-use-target,1,remote,150,30,1715349505,5.71783e+07,8563681991,5.70911e+07,0,/home/shin/arbiter/build/arbiter-bench/hotset-broad-sweep-v2-rerun-20261006-110924/rows/093-final-raw-046-r05-cxl/logs/xindex_a_hotset-use-target_r1.log
final,raw-046,5,93,cxl,xindex,a,hotset-use-target,1,remote,180.004,30.0038,1716681839,5.72155e+07,10280363830,5.71118e+07,1,/home/shin/arbiter/build/arbiter-bench/hotset-broad-sweep-v2-rerun-20261006-110924/rows/093-final-raw-046-r05-cxl/logs/xindex_a_hotset-use-target_r1.log
final,raw-046,5,94,local,xindex,a,hotset-use-local,1,local,30.0005,30.0005,825239726,2.75076e+07,825239726,2.75076e+07,0,/home/shin/arbiter/build/arbiter-bench/hotset-broad-sweep-v2-rerun-20261006-110924/rows/094-final-raw-046-r05-local/logs/xindex_a_hotset-use-local_r1.log
final,raw-046,5,94,local,xindex,a,hotset-use-local,1,local,60.0006,30.0001,824307374,2.74768e+07,1649547100,2.74922e+07,0,/home/shin/arbiter/build/arbiter-bench/hotset-broad-sweep-v2-rerun-20261006-110924/rows/094-final-raw-046-r05-local/logs/xindex_a_hotset-use-local_r1.log
final,raw-046,5,94,local,xindex,a,hotset-use-local,1,local,90.0006,30,824855808,2.74952e+07,2474402908,2.74932e+07,0,/home/shin/arbiter/build/arbiter-bench/hotset-broad-sweep-v2-rerun-20261006-110924/rows/094-final-raw-046-r05-local/logs/xindex_a_hotset-use-local_r1.log
final,raw-046,5,94,local,xindex,a,hotset-use-local,1,local,120.001,30,827090432,2.75697e+07,3301493340,2.75123e+07,0,/home/shin/arbiter/build/arbiter-bench/hotset-broad-sweep-v2-rerun-20261006-110924/rows/094-final-raw-046-r05-local/logs/xindex_a_hotset-use-local_r1.log
final,raw-046,5,94,local,xindex,a,hotset-use-local,1,local,150,29.9998,824468679,2.74825e+07,4125962019,2.75063e+07,0,/home/shin/arbiter/build/arbiter-bench/hotset-broad-sweep-v2-rerun-20261006-110924/rows/094-final-raw-046-r05-local/logs/xindex_a_hotset-use-local_r1.log
final,raw-046,5,94,local,xindex,a,hotset-use-local,1,local,180.002,30.0017,825953024,2.75302e+07,4951915043,2.75103e+07,1,/home/shin/arbiter/build/arbiter-bench/hotset-broad-sweep-v2-rerun-20261006-110924/rows/094-final-raw-046-r05-local/logs/xindex_a_hotset-use-local_r1.log
final,raw-046,6,95,local,xindex,a,hotset-use-local,1,local,30.0048,30.0048,851271598,2.83712e+07,851271598,2.83712e+07,0,/home/shin/arbiter/build/arbiter-bench/hotset-broad-sweep-v2-rerun-20261006-110924/rows/095-final-raw-046-r06-local/logs/xindex_a_hotset-use-local_r1.log
final,raw-046,6,95,local,xindex,a,hotset-use-local,1,local,60.0005,29.9957,850880256,2.83668e+07,1702151854,2.8369e+07,0,/home/shin/arbiter/build/arbiter-bench/hotset-broad-sweep-v2-rerun-20261006-110924/rows/095-final-raw-046-r06-local/logs/xindex_a_hotset-use-local_r1.log
final,raw-046,6,95,local,xindex,a,hotset-use-local,1,local,90.0006,30.0001,853623982,2.8454e+07,2555775836,2.83973e+07,0,/home/shin/arbiter/build/arbiter-bench/hotset-broad-sweep-v2-rerun-20261006-110924/rows/095-final-raw-046-r06-local/logs/xindex_a_hotset-use-local_r1.log
final,raw-046,6,95,local,xindex,a,hotset-use-local,1,local,120.001,30,852480256,2.8416e+07,3408256092,2.8402e+07,0,/home/shin/arbiter/build/arbiter-bench/hotset-broad-sweep-v2-rerun-20261006-110924/rows/095-final-raw-046-r06-local/logs/xindex_a_hotset-use-local_r1.log
final,raw-046,6,95,local,xindex,a,hotset-use-local,1,local,150,29.9999,849824256,2.83276e+07,4258080348,2.83871e+07,0,/home/shin/arbiter/build/arbiter-bench/hotset-broad-sweep-v2-rerun-20261006-110924/rows/095-final-raw-046-r06-local/logs/xindex_a_hotset-use-local_r1.log
final,raw-046,6,95,local,xindex,a,hotset-use-local,1,local,180.004,30.0035,840780203,2.80228e+07,5098860551,2.83264e+07,1,/home/shin/arbiter/build/arbiter-bench/hotset-broad-sweep-v2-rerun-20261006-110924/rows/095-final-raw-046-r06-local/logs/xindex_a_hotset-use-local_r1.log
final,raw-046,6,96,cxl,xindex,a,hotset-use-target,1,remote,30.0003,30.0003,1739646208,5.79877e+07,1739646208,5.79877e+07,0,/home/shin/arbiter/build/arbiter-bench/hotset-broad-sweep-v2-rerun-20261006-110924/rows/096-final-raw-046-r06-cxl/logs/xindex_a_hotset-use-target_r1.log
final,raw-046,6,96,cxl,xindex,a,hotset-use-target,1,remote,60.0006,30.0003,1748501248,5.82828e+07,3488147456,5.81352e+07,0,/home/shin/arbiter/build/arbiter-bench/hotset-broad-sweep-v2-rerun-20261006-110924/rows/096-final-raw-046-r06-cxl/logs/xindex_a_hotset-use-target_r1.log
final,raw-046,6,96,cxl,xindex,a,hotset-use-target,1,remote,90.0003,29.9997,1744390943,5.8147e+07,5232538399,5.81391e+07,0,/home/shin/arbiter/build/arbiter-bench/hotset-broad-sweep-v2-rerun-20261006-110924/rows/096-final-raw-046-r06-cxl/logs/xindex_a_hotset-use-target_r1.log
final,raw-046,6,96,cxl,xindex,a,hotset-use-target,1,remote,120.001,30.0004,1744229089,5.81402e+07,6976767488,5.81394e+07,0,/home/shin/arbiter/build/arbiter-bench/hotset-broad-sweep-v2-rerun-20261006-110924/rows/096-final-raw-046-r06-cxl/logs/xindex_a_hotset-use-target_r1.log
final,raw-046,6,96,cxl,xindex,a,hotset-use-target,1,remote,150.001,30,1747434269,5.82478e+07,8724201757,5.81611e+07,0,/home/shin/arbiter/build/arbiter-bench/hotset-broad-sweep-v2-rerun-20261006-110924/rows/096-final-raw-046-r06-cxl/logs/xindex_a_hotset-use-target_r1.log
final,raw-046,6,96,cxl,xindex,a,hotset-use-target,1,remote,180.004,30.0033,1740133435,5.79981e+07,10464335192,5.81339e+07,1,/home/shin/arbiter/build/arbiter-bench/hotset-broad-sweep-v2-rerun-20261006-110924/rows/096-final-raw-046-r06-cxl/logs/xindex_a_hotset-use-target_r1.log
final,raw-046,7,97,cxl,xindex,a,hotset-use-target,1,remote,30.001,30.001,1648684771,5.49544e+07,1648684771,5.49544e+07,0,/home/shin/arbiter/build/arbiter-bench/hotset-broad-sweep-v2-rerun-20261006-110924/rows/097-final-raw-046-r07-cxl/logs/xindex_a_hotset-use-target_r1.log
final,raw-046,7,97,cxl,xindex,a,hotset-use-target,1,remote,60.0003,29.9993,1654326642,5.51455e+07,3303011413,5.50499e+07,0,/home/shin/arbiter/build/arbiter-bench/hotset-broad-sweep-v2-rerun-20261006-110924/rows/097-final-raw-046-r07-cxl/logs/xindex_a_hotset-use-target_r1.log
final,raw-046,7,97,cxl,xindex,a,hotset-use-target,1,remote,90.0003,30,1647059513,5.4902e+07,4950070926,5.50006e+07,0,/home/shin/arbiter/build/arbiter-bench/hotset-broad-sweep-v2-rerun-20261006-110924/rows/097-final-raw-046-r07-cxl/logs/xindex_a_hotset-use-target_r1.log
final,raw-046,7,97,cxl,xindex,a,hotset-use-target,1,remote,120.001,30.0006,1653172224,5.51047e+07,6603243150,5.50266e+07,0,/home/shin/arbiter/build/arbiter-bench/hotset-broad-sweep-v2-rerun-20261006-110924/rows/097-final-raw-046-r07-cxl/logs/xindex_a_hotset-use-target_r1.log
final,raw-046,7,97,cxl,xindex,a,hotset-use-target,1,remote,150,29.9994,1652985771,5.51006e+07,8256228921,5.50414e+07,0,/home/shin/arbiter/build/arbiter-bench/hotset-broad-sweep-v2-rerun-20261006-110924/rows/097-final-raw-046-r07-cxl/logs/xindex_a_hotset-use-target_r1.log
final,raw-046,7,97,cxl,xindex,a,hotset-use-target,1,remote,180.004,30.0039,1652195101,5.5066e+07,9908424022,5.50455e+07,1,/home/shin/arbiter/build/arbiter-bench/hotset-broad-sweep-v2-rerun-20261006-110924/rows/097-final-raw-046-r07-cxl/logs/xindex_a_hotset-use-target_r1.log
final,raw-046,7,98,local,xindex,a,hotset-use-local,1,local,30.0006,30.0006,816666997,2.72217e+07,816666997,2.72217e+07,0,/home/shin/arbiter/build/arbiter-bench/hotset-broad-sweep-v2-rerun-20261006-110924/rows/098-final-raw-046-r07-local/logs/xindex_a_hotset-use-local_r1.log
final,raw-046,7,98,local,xindex,a,hotset-use-local,1,local,60.0005,29.9999,817365166,2.72456e+07,1634032163,2.72337e+07,0,/home/shin/arbiter/build/arbiter-bench/hotset-broad-sweep-v2-rerun-20261006-110924/rows/098-final-raw-046-r07-local/logs/xindex_a_hotset-use-local_r1.log
final,raw-046,7,98,local,xindex,a,hotset-use-local,1,local,90.0006,30.0001,815843584,2.71947e+07,2449875747,2.72207e+07,0,/home/shin/arbiter/build/arbiter-bench/hotset-broad-sweep-v2-rerun-20261006-110924/rows/098-final-raw-046-r07-local/logs/xindex_a_hotset-use-local_r1.log
final,raw-046,7,98,local,xindex,a,hotset-use-local,1,local,120.004,30.0037,820809728,2.7357e+07,3270685475,2.72547e+07,0,/home/shin/arbiter/build/arbiter-bench/hotset-broad-sweep-v2-rerun-20261006-110924/rows/098-final-raw-046-r07-local/logs/xindex_a_hotset-use-local_r1.log
final,raw-046,7,98,local,xindex,a,hotset-use-local,1,local,150.004,29.9998,821378759,2.73795e+07,4092064234,2.72797e+07,0,/home/shin/arbiter/build/arbiter-bench/hotset-broad-sweep-v2-rerun-20261006-110924/rows/098-final-raw-046-r07-local/logs/xindex_a_hotset-use-local_r1.log
final,raw-046,7,98,local,xindex,a,hotset-use-local,1,local,180.004,29.9997,824552704,2.74854e+07,4916616938,2.7314e+07,1,/home/shin/arbiter/build/arbiter-bench/hotset-broad-sweep-v2-rerun-20261006-110924/rows/098-final-raw-046-r07-local/logs/xindex_a_hotset-use-local_r1.log
final,raw-013,4,99,local,xindex,a,hotset-use-local,1,local,30.0045,30.0045,836667335,2.78848e+07,836667335,2.78848e+07,0,/home/shin/arbiter/build/arbiter-bench/hotset-broad-sweep-v2-rerun-20261006-110924/rows/099-final-raw-013-r04-local/logs/xindex_a_hotset-use-local_r1.log
final,raw-013,4,99,local,xindex,a,hotset-use-local,1,local,60.0006,29.9961,841467335,2.80525e+07,1678134670,2.79686e+07,0,/home/shin/arbiter/build/arbiter-bench/hotset-broad-sweep-v2-rerun-20261006-110924/rows/099-final-raw-013-r04-local/logs/xindex_a_hotset-use-local_r1.log
final,raw-013,4,99,local,xindex,a,hotset-use-local,1,local,90.0005,29.9999,838753792,2.79586e+07,2516888462,2.79653e+07,0,/home/shin/arbiter/build/arbiter-bench/hotset-broad-sweep-v2-rerun-20261006-110924/rows/099-final-raw-013-r04-local/logs/xindex_a_hotset-use-local_r1.log
final,raw-013,4,99,local,xindex,a,hotset-use-local,1,local,120.001,30.0001,840729031,2.80242e+07,3357617493,2.798e+07,0,/home/shin/arbiter/build/arbiter-bench/hotset-broad-sweep-v2-rerun-20261006-110924/rows/099-final-raw-013-r04-local/logs/xindex_a_hotset-use-local_r1.log
final,raw-013,4,99,local,xindex,a,hotset-use-local,1,local,150.004,30.0035,842506297,2.80803e+07,4200123790,2.80001e+07,0,/home/shin/arbiter/build/arbiter-bench/hotset-broad-sweep-v2-rerun-20261006-110924/rows/099-final-raw-013-r04-local/logs/xindex_a_hotset-use-local_r1.log
final,raw-013,4,99,local,xindex,a,hotset-use-local,1,local,180.004,29.9996,840385508,2.80132e+07,5040509298,2.80023e+07,1,/home/shin/arbiter/build/arbiter-bench/hotset-broad-sweep-v2-rerun-20261006-110924/rows/099-final-raw-013-r04-local/logs/xindex_a_hotset-use-local_r1.log
final,raw-013,4,100,cxl,xindex,a,hotset-use-target,1,remote,30.0041,30.0041,1650313930,5.5003e+07,1650313930,5.5003e+07,0,/home/shin/arbiter/build/arbiter-bench/hotset-broad-sweep-v2-rerun-20261006-110924/rows/100-final-raw-013-r04-cxl/logs/xindex_a_hotset-use-target_r1.log
final,raw-013,4,100,cxl,xindex,a,hotset-use-target,1,remote,60.0041,30,1646148605,5.48716e+07,3296462535,5.49373e+07,0,/home/shin/arbiter/build/arbiter-bench/hotset-broad-sweep-v2-rerun-20261006-110924/rows/100-final-raw-013-r04-cxl/logs/xindex_a_hotset-use-target_r1.log
final,raw-013,4,100,cxl,xindex,a,hotset-use-target,1,remote,90.0003,29.9962,1652807680,5.51006e+07,4949270215,5.49917e+07,0,/home/shin/arbiter/build/arbiter-bench/hotset-broad-sweep-v2-rerun-20261006-110924/rows/100-final-raw-013-r04-cxl/logs/xindex_a_hotset-use-target_r1.log
final,raw-013,4,100,cxl,xindex,a,hotset-use-target,1,remote,120.004,30.0038,1649414457,5.49735e+07,6598684672,5.49872e+07,0,/home/shin/arbiter/build/arbiter-bench/hotset-broad-sweep-v2-rerun-20261006-110924/rows/100-final-raw-013-r04-cxl/logs/xindex_a_hotset-use-target_r1.log
final,raw-013,4,100,cxl,xindex,a,hotset-use-target,1,remote,150,29.9962,1642396217,5.47535e+07,8241080889,5.49404e+07,0,/home/shin/arbiter/build/arbiter-bench/hotset-broad-sweep-v2-rerun-20261006-110924/rows/100-final-raw-013-r04-cxl/logs/xindex_a_hotset-use-target_r1.log
final,raw-013,4,100,cxl,xindex,a,hotset-use-target,1,remote,180.003,30.003,1649672221,5.49836e+07,9890753110,5.49476e+07,1,/home/shin/arbiter/build/arbiter-bench/hotset-broad-sweep-v2-rerun-20261006-110924/rows/100-final-raw-013-r04-cxl/logs/xindex_a_hotset-use-target_r1.log
final,raw-013,5,101,cxl,xindex,a,hotset-use-target,1,remote,30.0048,30.0048,1689397703,5.63042e+07,1689397703,5.63042e+07,0,/home/shin/arbiter/build/arbiter-bench/hotset-broad-sweep-v2-rerun-20261006-110924/rows/101-final-raw-013-r05-cxl/logs/xindex_a_hotset-use-target_r1.log
final,raw-013,5,101,cxl,xindex,a,hotset-use-target,1,remote,60.0003,29.9954,1694962944,5.65074e+07,3384360647,5.64058e+07,0,/home/shin/arbiter/build/arbiter-bench/hotset-broad-sweep-v2-rerun-20261006-110924/rows/101-final-raw-013-r05-cxl/logs/xindex_a_hotset-use-target_r1.log
final,raw-013,5,101,cxl,xindex,a,hotset-use-target,1,remote,90.0007,30.0005,1697241657,5.65738e+07,5081602304,5.64618e+07,0,/home/shin/arbiter/build/arbiter-bench/hotset-broad-sweep-v2-rerun-20261006-110924/rows/101-final-raw-013-r05-cxl/logs/xindex_a_hotset-use-target_r1.log
final,raw-013,5,101,cxl,xindex,a,hotset-use-target,1,remote,120.001,30.0001,1696305122,5.65433e+07,6777907426,5.64822e+07,0,/home/shin/arbiter/build/arbiter-bench/hotset-broad-sweep-v2-rerun-20261006-110924/rows/101-final-raw-013-r05-cxl/logs/xindex_a_hotset-use-target_r1.log
final,raw-013,5,101,cxl,xindex,a,hotset-use-target,1,remote,150.001,29.9999,1698136406,5.66047e+07,8476043832,5.65067e+07,0,/home/shin/arbiter/build/arbiter-bench/hotset-broad-sweep-v2-rerun-20261006-110924/rows/101-final-raw-013-r05-cxl/logs/xindex_a_hotset-use-target_r1.log
final,raw-013,5,101,cxl,xindex,a,hotset-use-target,1,remote,180.004,30.0034,1694832555,5.64881e+07,10170876387,5.65036e+07,1,/home/shin/arbiter/build/arbiter-bench/hotset-broad-sweep-v2-rerun-20261006-110924/rows/101-final-raw-013-r05-cxl/logs/xindex_a_hotset-use-target_r1.log
final,raw-013,5,102,local,xindex,a,hotset-use-local,1,local,30.0006,30.0006,855149255,2.85044e+07,855149255,2.85044e+07,0,/home/shin/arbiter/build/arbiter-bench/hotset-broad-sweep-v2-rerun-20261006-110924/rows/102-final-raw-013-r05-local/logs/xindex_a_hotset-use-local_r1.log
final,raw-013,5,102,local,xindex,a,hotset-use-local,1,local,60.0005,29.9999,856923136,2.85642e+07,1712072391,2.85343e+07,0,/home/shin/arbiter/build/arbiter-bench/hotset-broad-sweep-v2-rerun-20261006-110924/rows/102-final-raw-013-r05-local/logs/xindex_a_hotset-use-local_r1.log
final,raw-013,5,102,local,xindex,a,hotset-use-local,1,local,90.0005,30,854828999,2.84943e+07,2566901390,2.8521e+07,0,/home/shin/arbiter/build/arbiter-bench/hotset-broad-sweep-v2-rerun-20261006-110924/rows/102-final-raw-013-r05-local/logs/xindex_a_hotset-use-local_r1.log
final,raw-013,5,102,local,xindex,a,hotset-use-local,1,local,120.001,30.0001,854748672,2.84915e+07,3421650062,2.85136e+07,0,/home/shin/arbiter/build/arbiter-bench/hotset-broad-sweep-v2-rerun-20261006-110924/rows/102-final-raw-013-r05-local/logs/xindex_a_hotset-use-local_r1.log
final,raw-013,5,102,local,xindex,a,hotset-use-local,1,local,150,29.9999,856318525,2.8544e+07,4277968587,2.85197e+07,0,/home/shin/arbiter/build/arbiter-bench/hotset-broad-sweep-v2-rerun-20261006-110924/rows/102-final-raw-013-r05-local/logs/xindex_a_hotset-use-local_r1.log
final,raw-013,5,102,local,xindex,a,hotset-use-local,1,local,180.002,30.0012,857421711,2.85796e+07,5135390298,2.85297e+07,1,/home/shin/arbiter/build/arbiter-bench/hotset-broad-sweep-v2-rerun-20261006-110924/rows/102-final-raw-013-r05-local/logs/xindex_a_hotset-use-local_r1.log
final,raw-013,6,103,local,xindex,a,hotset-use-local,1,local,30.0005,30.0005,821785799,2.73924e+07,821785799,2.73924e+07,0,/home/shin/arbiter/build/arbiter-bench/hotset-broad-sweep-v2-rerun-20261006-110924/rows/103-final-raw-013-r06-local/logs/xindex_a_hotset-use-local_r1.log
final,raw-013,6,103,local,xindex,a,hotset-use-local,1,local,60.0042,30.0037,823393735,2.74431e+07,1645179534,2.74178e+07,0,/home/shin/arbiter/build/arbiter-bench/hotset-broad-sweep-v2-rerun-20261006-110924/rows/103-final-raw-013-r06-local/logs/xindex_a_hotset-use-local_r1.log
final,raw-013,6,103,local,xindex,a,hotset-use-local,1,local,90.0007,29.9965,823666688,2.74587e+07,2468846222,2.74314e+07,0,/home/shin/arbiter/build/arbiter-bench/hotset-broad-sweep-v2-rerun-20261006-110924/rows/103-final-raw-013-r06-local/logs/xindex_a_hotset-use-local_r1.log
final,raw-013,6,103,local,xindex,a,hotset-use-local,1,local,120,29.9998,820020679,2.73342e+07,3288866901,2.74071e+07,0,/home/shin/arbiter/build/arbiter-bench/hotset-broad-sweep-v2-rerun-20261006-110924/rows/103-final-raw-013-r06-local/logs/xindex_a_hotset-use-local_r1.log
final,raw-013,6,103,local,xindex,a,hotset-use-local,1,local,150,30,828704256,2.76235e+07,4117571157,2.74504e+07,0,/home/shin/arbiter/build/arbiter-bench/hotset-broad-sweep-v2-rerun-20261006-110924/rows/103-final-raw-013-r06-local/logs/xindex_a_hotset-use-local_r1.log
final,raw-013,6,103,local,xindex,a,hotset-use-local,1,local,180.002,30.0016,826951936,2.75636e+07,4944523093,2.74693e+07,1,/home/shin/arbiter/build/arbiter-bench/hotset-broad-sweep-v2-rerun-20261006-110924/rows/103-final-raw-013-r06-local/logs/xindex_a_hotset-use-local_r1.log
final,raw-013,6,104,cxl,xindex,a,hotset-use-target,1,remote,30.0003,30.0003,1652149902,5.50712e+07,1652149902,5.50712e+07,0,/home/shin/arbiter/build/arbiter-bench/hotset-broad-sweep-v2-rerun-20261006-110924/rows/104-final-raw-013-r06-cxl/logs/xindex_a_hotset-use-target_r1.log
final,raw-013,6,104,cxl,xindex,a,hotset-use-target,1,remote,60.0042,30.0039,1646177280,5.48654e+07,3298327182,5.49683e+07,0,/home/shin/arbiter/build/arbiter-bench/hotset-broad-sweep-v2-rerun-20261006-110924/rows/104-final-raw-013-r06-cxl/logs/xindex_a_hotset-use-target_r1.log
final,raw-013,6,104,cxl,xindex,a,hotset-use-target,1,remote,90.0003,29.9961,1644668416,5.48295e+07,4942995598,5.4922e+07,0,/home/shin/arbiter/build/arbiter-bench/hotset-broad-sweep-v2-rerun-20261006-110924/rows/104-final-raw-013-r06-cxl/logs/xindex_a_hotset-use-target_r1.log
final,raw-013,6,104,cxl,xindex,a,hotset-use-target,1,remote,120.004,30.0038,1651614009,5.50468e+07,6594609607,5.49532e+07,0,/home/shin/arbiter/build/arbiter-bench/hotset-broad-sweep-v2-rerun-20261006-110924/rows/104-final-raw-013-r06-cxl/logs/xindex_a_hotset-use-target_r1.log
final,raw-013,6,104,cxl,xindex,a,hotset-use-target,1,remote,150.004,30,1648790073,5.49597e+07,8243399680,5.49545e+07,0,/home/shin/arbiter/build/arbiter-bench/hotset-broad-sweep-v2-rerun-20261006-110924/rows/104-final-raw-013-r06-cxl/logs/xindex_a_hotset-use-target_r1.log
final,raw-013,6,104,cxl,xindex,a,hotset-use-target,1,remote,180.001,29.9968,1647033970,5.4907e+07,9890433650,5.49466e+07,1,/home/shin/arbiter/build/arbiter-bench/hotset-broad-sweep-v2-rerun-20261006-110924/rows/104-final-raw-013-r06-cxl/logs/xindex_a_hotset-use-target_r1.log
final,raw-013,7,105,cxl,xindex,a,hotset-use-target,1,remote,30.0013,30.0013,1699793095,5.66573e+07,1699793095,5.66573e+07,0,/home/shin/arbiter/build/arbiter-bench/hotset-broad-sweep-v2-rerun-20261006-110924/rows/105-final-raw-013-r07-cxl/logs/xindex_a_hotset-use-target_r1.log
final,raw-013,7,105,cxl,xindex,a,hotset-use-target,1,remote,60.0003,29.999,1704958265,5.68339e+07,3404751360,5.67456e+07,0,/home/shin/arbiter/build/arbiter-bench/hotset-broad-sweep-v2-rerun-20261006-110924/rows/105-final-raw-013-r07-cxl/logs/xindex_a_hotset-use-target_r1.log
final,raw-013,7,105,cxl,xindex,a,hotset-use-target,1,remote,90.0041,30.0038,1702758656,5.67514e+07,5107510016,5.67475e+07,0,/home/shin/arbiter/build/arbiter-bench/hotset-broad-sweep-v2-rerun-20261006-110924/rows/105-final-raw-013-r07-cxl/logs/xindex_a_hotset-use-target_r1.log
final,raw-013,7,105,cxl,xindex,a,hotset-use-target,1,remote,120,29.9963,1703347714,5.67853e+07,6810857730,5.6757e+07,0,/home/shin/arbiter/build/arbiter-bench/hotset-broad-sweep-v2-rerun-20261006-110924/rows/105-final-raw-013-r07-cxl/logs/xindex_a_hotset-use-target_r1.log
final,raw-013,7,105,cxl,xindex,a,hotset-use-target,1,remote,150,29.9999,1701918579,5.67308e+07,8512776309,5.67517e+07,0,/home/shin/arbiter/build/arbiter-bench/hotset-broad-sweep-v2-rerun-20261006-110924/rows/105-final-raw-013-r07-cxl/logs/xindex_a_hotset-use-target_r1.log
final,raw-013,7,105,cxl,xindex,a,hotset-use-target,1,remote,180.004,30.0035,1701590073,5.6713e+07,10214366382,5.67453e+07,1,/home/shin/arbiter/build/arbiter-bench/hotset-broad-sweep-v2-rerun-20261006-110924/rows/105-final-raw-013-r07-cxl/logs/xindex_a_hotset-use-target_r1.log
final,raw-013,7,106,local,xindex,a,hotset-use-local,1,local,30.0043,30.0043,850405063,2.83428e+07,850405063,2.83428e+07,0,/home/shin/arbiter/build/arbiter-bench/hotset-broad-sweep-v2-rerun-20261006-110924/rows/106-final-raw-013-r07-local/logs/xindex_a_hotset-use-local_r1.log
final,raw-013,7,106,local,xindex,a,hotset-use-local,1,local,60.0006,29.9963,850657536,2.83588e+07,1701062599,2.83508e+07,0,/home/shin/arbiter/build/arbiter-bench/hotset-broad-sweep-v2-rerun-20261006-110924/rows/106-final-raw-013-r07-local/logs/xindex_a_hotset-use-local_r1.log
final,raw-013,7,106,local,xindex,a,hotset-use-local,1,local,90.0005,29.9999,848852935,2.82952e+07,2549915534,2.83322e+07,0,/home/shin/arbiter/build/arbiter-bench/hotset-broad-sweep-v2-rerun-20261006-110924/rows/106-final-raw-013-r07-local/logs/xindex_a_hotset-use-local_r1.log
final,raw-013,7,106,local,xindex,a,hotset-use-local,1,local,120,30,850583808,2.83528e+07,3400499342,2.83374e+07,0,/home/shin/arbiter/build/arbiter-bench/hotset-broad-sweep-v2-rerun-20261006-110924/rows/106-final-raw-013-r07-local/logs/xindex_a_hotset-use-local_r1.log
final,raw-013,7,106,local,xindex,a,hotset-use-local,1,local,150.001,30.0001,851395897,2.83798e+07,4251895239,2.83459e+07,0,/home/shin/arbiter/build/arbiter-bench/hotset-broad-sweep-v2-rerun-20261006-110924/rows/106-final-raw-013-r07-local/logs/xindex_a_hotset-use-local_r1.log
final,raw-013,7,106,local,xindex,a,hotset-use-local,1,local,180.008,30.0071,850071382,2.8329e+07,5101966621,2.83431e+07,1,/home/shin/arbiter/build/arbiter-bench/hotset-broad-sweep-v2-rerun-20261006-110924/rows/106-final-raw-013-r07-local/logs/xindex_a_hotset-use-local_r1.log
final,raw-043,4,107,local,xindex,a,hotset-use-local,1,local,30.0051,30.0051,861757326,2.87204e+07,861757326,2.87204e+07,0,/home/shin/arbiter/build/arbiter-bench/hotset-broad-sweep-v2-rerun-20261006-110924/rows/107-final-raw-043-r04-local/logs/xindex_a_hotset-use-local_r1.log
final,raw-043,4,107,local,xindex,a,hotset-use-local,1,local,60.0012,29.9961,858768185,2.86293e+07,1720525511,2.86749e+07,0,/home/shin/arbiter/build/arbiter-bench/hotset-broad-sweep-v2-rerun-20261006-110924/rows/107-final-raw-043-r04-local/logs/xindex_a_hotset-use-local_r1.log
final,raw-043,4,107,local,xindex,a,hotset-use-local,1,local,90.0007,29.9995,859867847,2.86628e+07,2580393358,2.86708e+07,0,/home/shin/arbiter/build/arbiter-bench/hotset-broad-sweep-v2-rerun-20261006-110924/rows/107-final-raw-043-r04-local/logs/xindex_a_hotset-use-local_r1.log
final,raw-043,4,107,local,xindex,a,hotset-use-local,1,local,120,29.9998,859130368,2.86379e+07,3439523726,2.86626e+07,0,/home/shin/arbiter/build/arbiter-bench/hotset-broad-sweep-v2-rerun-20261006-110924/rows/107-final-raw-043-r04-local/logs/xindex_a_hotset-use-local_r1.log
final,raw-043,4,107,local,xindex,a,hotset-use-local,1,local,150,29.9999,857726038,2.8591e+07,4297249764,2.86483e+07,0,/home/shin/arbiter/build/arbiter-bench/hotset-broad-sweep-v2-rerun-20261006-110924/rows/107-final-raw-043-r04-local/logs/xindex_a_hotset-use-local_r1.log
final,raw-043,4,107,local,xindex,a,hotset-use-local,1,local,180.004,30.0036,856957807,2.85618e+07,5154207571,2.86339e+07,1,/home/shin/arbiter/build/arbiter-bench/hotset-broad-sweep-v2-rerun-20261006-110924/rows/107-final-raw-043-r04-local/logs/xindex_a_hotset-use-local_r1.log
final,raw-043,4,108,cxl,xindex,a,hotset-use-target,1,remote,30.0003,30.0003,1752444416,5.84143e+07,1752444416,5.84143e+07,0,/home/shin/arbiter/build/arbiter-bench/hotset-broad-sweep-v2-rerun-20261006-110924/rows/108-final-raw-043-r04-cxl/logs/xindex_a_hotset-use-target_r1.log
final,raw-043,4,108,cxl,xindex,a,hotset-use-target,1,remote,60.0003,30,1746298112,5.82099e+07,3498742528,5.83121e+07,0,/home/shin/arbiter/build/arbiter-bench/hotset-broad-sweep-v2-rerun-20261006-110924/rows/108-final-raw-043-r04-cxl/logs/xindex_a_hotset-use-target_r1.log
final,raw-043,4,108,cxl,xindex,a,hotset-use-target,1,remote,90.0003,30,1755534481,5.85178e+07,5254277009,5.83807e+07,0,/home/shin/arbiter/build/arbiter-bench/hotset-broad-sweep-v2-rerun-20261006-110924/rows/108-final-raw-043-r04-cxl/logs/xindex_a_hotset-use-target_r1.log
final,raw-043,4,108,cxl,xindex,a,hotset-use-target,1,remote,120.004,30.0038,1753037167,5.84271e+07,7007314176,5.83923e+07,0,/home/shin/arbiter/build/arbiter-bench/hotset-broad-sweep-v2-rerun-20261006-110924/rows/108-final-raw-043-r04-cxl/logs/xindex_a_hotset-use-target_r1.log
final,raw-043,4,108,cxl,xindex,a,hotset-use-target,1,remote,150,29.9962,1750708083,5.83644e+07,8758022259,5.83867e+07,0,/home/shin/arbiter/build/arbiter-bench/hotset-broad-sweep-v2-rerun-20261006-110924/rows/108-final-raw-043-r04-cxl/logs/xindex_a_hotset-use-target_r1.log
final,raw-043,4,108,cxl,xindex,a,hotset-use-target,1,remote,180.006,30.0054,1750406800,5.83365e+07,10508429059,5.83783e+07,1,/home/shin/arbiter/build/arbiter-bench/hotset-broad-sweep-v2-rerun-20261006-110924/rows/108-final-raw-043-r04-cxl/logs/xindex_a_hotset-use-target_r1.log
final,raw-043,5,109,cxl,xindex,a,hotset-use-target,1,remote,30.0003,30.0003,1691557575,5.63848e+07,1691557575,5.63848e+07,0,/home/shin/arbiter/build/arbiter-bench/hotset-broad-sweep-v2-rerun-20261006-110924/rows/109-final-raw-043-r05-cxl/logs/xindex_a_hotset-use-target_r1.log
final,raw-043,5,109,cxl,xindex,a,hotset-use-target,1,remote,60.0003,30,1693893433,5.64631e+07,3385451008,5.64239e+07,0,/home/shin/arbiter/build/arbiter-bench/hotset-broad-sweep-v2-rerun-20261006-110924/rows/109-final-raw-043-r05-cxl/logs/xindex_a_hotset-use-target_r1.log
final,raw-043,5,109,cxl,xindex,a,hotset-use-target,1,remote,90.0003,30,1691427840,5.63809e+07,5076878848,5.64096e+07,0,/home/shin/arbiter/build/arbiter-bench/hotset-broad-sweep-v2-rerun-20261006-110924/rows/109-final-raw-043-r05-cxl/logs/xindex_a_hotset-use-target_r1.log
final,raw-043,5,109,cxl,xindex,a,hotset-use-target,1,remote,120.004,30.0039,1691564371,5.63782e+07,6768443219,5.64017e+07,0,/home/shin/arbiter/build/arbiter-bench/hotset-broad-sweep-v2-rerun-20261006-110924/rows/109-final-raw-043-r05-cxl/logs/xindex_a_hotset-use-target_r1.log
final,raw-043,5,109,cxl,xindex,a,hotset-use-target,1,remote,150.004,30,1691771422,5.63924e+07,8460214641,5.63999e+07,0,/home/shin/arbiter/build/arbiter-bench/hotset-broad-sweep-v2-rerun-20261006-110924/rows/109-final-raw-043-r05-cxl/logs/xindex_a_hotset-use-target_r1.log
final,raw-043,5,109,cxl,xindex,a,hotset-use-target,1,remote,180.003,29.9993,1699719339,5.66587e+07,10159933980,5.6443e+07,1,/home/shin/arbiter/build/arbiter-bench/hotset-broad-sweep-v2-rerun-20261006-110924/rows/109-final-raw-043-r05-cxl/logs/xindex_a_hotset-use-target_r1.log
final,raw-043,5,110,local,xindex,a,hotset-use-local,1,local,30.005,30.005,772820082,2.57563e+07,772820082,2.57563e+07,0,/home/shin/arbiter/build/arbiter-bench/hotset-broad-sweep-v2-rerun-20261006-110924/rows/110-final-raw-043-r05-local/logs/xindex_a_hotset-use-local_r1.log
final,raw-043,5,110,local,xindex,a,hotset-use-local,1,local,60.0006,29.9956,767250119,2.55788e+07,1540070201,2.56676e+07,0,/home/shin/arbiter/build/arbiter-bench/hotset-broad-sweep-v2-rerun-20261006-110924/rows/110-final-raw-043-r05-local/logs/xindex_a_hotset-use-local_r1.log
final,raw-043,5,110,local,xindex,a,hotset-use-local,1,local,90.001,30.0004,765892238,2.55294e+07,2305962439,2.56215e+07,0,/home/shin/arbiter/build/arbiter-bench/hotset-broad-sweep-v2-rerun-20261006-110924/rows/110-final-raw-043-r05-local/logs/xindex_a_hotset-use-local_r1.log
final,raw-043,5,110,local,xindex,a,hotset-use-local,1,local,120.001,29.9997,765428992,2.55145e+07,3071391431,2.55948e+07,0,/home/shin/arbiter/build/arbiter-bench/hotset-broad-sweep-v2-rerun-20261006-110924/rows/110-final-raw-043-r05-local/logs/xindex_a_hotset-use-local_r1.log
final,raw-043,5,110,local,xindex,a,hotset-use-local,1,local,150.001,29.9999,768633799,2.56212e+07,3840025230,2.56001e+07,0,/home/shin/arbiter/build/arbiter-bench/hotset-broad-sweep-v2-rerun-20261006-110924/rows/110-final-raw-043-r05-local/logs/xindex_a_hotset-use-local_r1.log
final,raw-043,5,110,local,xindex,a,hotset-use-local,1,local,180.004,30.0032,771208903,2.57042e+07,4611234133,2.56174e+07,1,/home/shin/arbiter/build/arbiter-bench/hotset-broad-sweep-v2-rerun-20261006-110924/rows/110-final-raw-043-r05-local/logs/xindex_a_hotset-use-local_r1.log
final,raw-043,6,111,local,xindex,a,hotset-use-local,1,local,30.0005,30.0005,835391662,2.78459e+07,835391662,2.78459e+07,0,/home/shin/arbiter/build/arbiter-bench/hotset-broad-sweep-v2-rerun-20261006-110924/rows/111-final-raw-043-r06-local/logs/xindex_a_hotset-use-local_r1.log
final,raw-043,6,111,local,xindex,a,hotset-use-local,1,local,60.0004,29.9999,836283566,2.78762e+07,1671675228,2.78611e+07,0,/home/shin/arbiter/build/arbiter-bench/hotset-broad-sweep-v2-rerun-20261006-110924/rows/111-final-raw-043-r06-local/logs/xindex_a_hotset-use-local_r1.log
final,raw-043,6,111,local,xindex,a,hotset-use-local,1,local,90.0007,30.0003,834869760,2.78287e+07,2506544988,2.78503e+07,0,/home/shin/arbiter/build/arbiter-bench/hotset-broad-sweep-v2-rerun-20261006-110924/rows/111-final-raw-043-r06-local/logs/xindex_a_hotset-use-local_r1.log
final,raw-043,6,111,local,xindex,a,hotset-use-local,1,local,120.004,30.0035,833862574,2.77922e+07,3340407562,2.78358e+07,0,/home/shin/arbiter/build/arbiter-bench/hotset-broad-sweep-v2-rerun-20261006-110924/rows/111-final-raw-043-r06-local/logs/xindex_a_hotset-use-local_r1.log
final,raw-043,6,111,local,xindex,a,hotset-use-local,1,local,150.001,29.9965,835020032,2.78372e+07,4175427594,2.78361e+07,0,/home/shin/arbiter/build/arbiter-bench/hotset-broad-sweep-v2-rerun-20261006-110924/rows/111-final-raw-043-r06-local/logs/xindex_a_hotset-use-local_r1.log
final,raw-043,6,111,local,xindex,a,hotset-use-local,1,local,180.004,30.0029,834031417,2.77983e+07,5009459011,2.78298e+07,1,/home/shin/arbiter/build/arbiter-bench/hotset-broad-sweep-v2-rerun-20261006-110924/rows/111-final-raw-043-r06-local/logs/xindex_a_hotset-use-local_r1.log
final,raw-043,6,112,cxl,xindex,a,hotset-use-target,1,remote,30.0042,30.0042,1730453760,5.76737e+07,1730453760,5.76737e+07,0,/home/shin/arbiter/build/arbiter-bench/hotset-broad-sweep-v2-rerun-20261006-110924/rows/112-final-raw-043-r06-cxl/logs/xindex_a_hotset-use-target_r1.log
final,raw-043,6,112,cxl,xindex,a,hotset-use-target,1,remote,60.0041,29.9999,1735904256,5.78637e+07,3466358016,5.77687e+07,0,/home/shin/arbiter/build/arbiter-bench/hotset-broad-sweep-v2-rerun-20261006-110924/rows/112-final-raw-043-r06-cxl/logs/xindex_a_hotset-use-target_r1.log
final,raw-043,6,112,cxl,xindex,a,hotset-use-target,1,remote,90.0003,29.9962,1731829417,5.7735e+07,5198187433,5.77575e+07,0,/home/shin/arbiter/build/arbiter-bench/hotset-broad-sweep-v2-rerun-20261006-110924/rows/112-final-raw-043-r06-cxl/logs/xindex_a_hotset-use-target_r1.log
final,raw-043,6,112,cxl,xindex,a,hotset-use-target,1,remote,120.004,30.0038,1730962661,5.76914e+07,6929150094,5.77409e+07,0,/home/shin/arbiter/build/arbiter-bench/hotset-broad-sweep-v2-rerun-20261006-110924/rows/112-final-raw-043-r06-cxl/logs/xindex_a_hotset-use-target_r1.log
final,raw-043,6,112,cxl,xindex,a,hotset-use-target,1,remote,150,29.9962,1724715890,5.74979e+07,8653865984,5.76923e+07,0,/home/shin/arbiter/build/arbiter-bench/hotset-broad-sweep-v2-rerun-20261006-110924/rows/112-final-raw-043-r06-cxl/logs/xindex_a_hotset-use-target_r1.log
final,raw-043,6,112,cxl,xindex,a,hotset-use-target,1,remote,180.004,30.0035,1730068933,5.76622e+07,10383934917,5.76873e+07,1,/home/shin/arbiter/build/arbiter-bench/hotset-broad-sweep-v2-rerun-20261006-110924/rows/112-final-raw-043-r06-cxl/logs/xindex_a_hotset-use-target_r1.log
final,raw-043,7,113,cxl,xindex,a,hotset-use-target,1,remote,30.0003,30.0003,1702774727,5.67587e+07,1702774727,5.67587e+07,0,/home/shin/arbiter/build/arbiter-bench/hotset-broad-sweep-v2-rerun-20261006-110924/rows/113-final-raw-043-r07-cxl/logs/xindex_a_hotset-use-target_r1.log
final,raw-043,7,113,cxl,xindex,a,hotset-use-target,1,remote,60.0003,30,1710624057,5.70208e+07,3413398784,5.68897e+07,0,/home/shin/arbiter/build/arbiter-bench/hotset-broad-sweep-v2-rerun-20261006-110924/rows/113-final-raw-043-r07-cxl/logs/xindex_a_hotset-use-target_r1.log
final,raw-043,7,113,cxl,xindex,a,hotset-use-target,1,remote,90.0003,30,1706769209,5.68923e+07,5120167993,5.68906e+07,0,/home/shin/arbiter/build/arbiter-bench/hotset-broad-sweep-v2-rerun-20261006-110924/rows/113-final-raw-043-r07-cxl/logs/xindex_a_hotset-use-target_r1.log
final,raw-043,7,113,cxl,xindex,a,hotset-use-target,1,remote,120,30,1704557940,5.68186e+07,6824725933,5.68726e+07,0,/home/shin/arbiter/build/arbiter-bench/hotset-broad-sweep-v2-rerun-20261006-110924/rows/113-final-raw-043-r07-cxl/logs/xindex_a_hotset-use-target_r1.log
final,raw-043,7,113,cxl,xindex,a,hotset-use-target,1,remote,150.004,30.0039,1706101871,5.68627e+07,8530827804,5.68706e+07,0,/home/shin/arbiter/build/arbiter-bench/hotset-broad-sweep-v2-rerun-20261006-110924/rows/113-final-raw-043-r07-cxl/logs/xindex_a_hotset-use-target_r1.log
final,raw-043,7,113,cxl,xindex,a,hotset-use-target,1,remote,180.004,29.9997,1706130148,5.68716e+07,10236957952,5.68708e+07,1,/home/shin/arbiter/build/arbiter-bench/hotset-broad-sweep-v2-rerun-20261006-110924/rows/113-final-raw-043-r07-cxl/logs/xindex_a_hotset-use-target_r1.log
final,raw-043,7,114,local,xindex,a,hotset-use-local,1,local,30.0005,30.0005,857703879,2.85897e+07,857703879,2.85897e+07,0,/home/shin/arbiter/build/arbiter-bench/hotset-broad-sweep-v2-rerun-20261006-110924/rows/114-final-raw-043-r07-local/logs/xindex_a_hotset-use-local_r1.log
final,raw-043,7,114,local,xindex,a,hotset-use-local,1,local,60.0004,29.9999,856240384,2.85414e+07,1713944263,2.85656e+07,0,/home/shin/arbiter/build/arbiter-bench/hotset-broad-sweep-v2-rerun-20261006-110924/rows/114-final-raw-043-r07-local/logs/xindex_a_hotset-use-local_r1.log
final,raw-043,7,114,local,xindex,a,hotset-use-local,1,local,90.0004,30,855650759,2.85217e+07,2569595022,2.85509e+07,0,/home/shin/arbiter/build/arbiter-bench/hotset-broad-sweep-v2-rerun-20261006-110924/rows/114-final-raw-043-r07-local/logs/xindex_a_hotset-use-local_r1.log
final,raw-043,7,114,local,xindex,a,hotset-use-local,1,local,120,30.0001,855593216,2.85197e+07,3425188238,2.85431e+07,0,/home/shin/arbiter/build/arbiter-bench/hotset-broad-sweep-v2-rerun-20261006-110924/rows/114-final-raw-043-r07-local/logs/xindex_a_hotset-use-local_r1.log
final,raw-043,7,114,local,xindex,a,hotset-use-local,1,local,150.001,30.0001,856207047,2.85401e+07,4281395285,2.85425e+07,0,/home/shin/arbiter/build/arbiter-bench/hotset-broad-sweep-v2-rerun-20261006-110924/rows/114-final-raw-043-r07-local/logs/xindex_a_hotset-use-local_r1.log
final,raw-043,7,114,local,xindex,a,hotset-use-local,1,local,180.003,30.0025,856665175,2.85532e+07,5138060460,2.85443e+07,1,/home/shin/arbiter/build/arbiter-bench/hotset-broad-sweep-v2-rerun-20261006-110924/rows/114-final-raw-043-r07-local/logs/xindex_a_hotset-use-local_r1.log
final,raw-021,4,115,local,xindex,a,hotset-use-local,1,local,30.0006,30.0006,859168142,2.86384e+07,859168142,2.86384e+07,0,/home/shin/arbiter/build/arbiter-bench/hotset-broad-sweep-v2-rerun-20261006-110924/rows/115-final-raw-021-r04-local/logs/xindex_a_hotset-use-local_r1.log
final,raw-021,4,115,local,xindex,a,hotset-use-local,1,local,60.0005,29.9999,860956985,2.86987e+07,1720125127,2.86685e+07,0,/home/shin/arbiter/build/arbiter-bench/hotset-broad-sweep-v2-rerun-20261006-110924/rows/115-final-raw-021-r04-local/logs/xindex_a_hotset-use-local_r1.log
final,raw-021,4,115,local,xindex,a,hotset-use-local,1,local,90.0005,30,857220295,2.8574e+07,2577345422,2.8637e+07,0,/home/shin/arbiter/build/arbiter-bench/hotset-broad-sweep-v2-rerun-20261006-110924/rows/115-final-raw-021-r04-local/logs/xindex_a_hotset-use-local_r1.log
final,raw-021,4,115,local,xindex,a,hotset-use-local,1,local,120.001,30.0002,856994560,2.85663e+07,3434339982,2.86193e+07,0,/home/shin/arbiter/build/arbiter-bench/hotset-broad-sweep-v2-rerun-20261006-110924/rows/115-final-raw-021-r04-local/logs/xindex_a_hotset-use-local_r1.log
final,raw-021,4,115,local,xindex,a,hotset-use-local,1,local,150.004,30.0034,854494180,2.84799e+07,4288834162,2.85915e+07,0,/home/shin/arbiter/build/arbiter-bench/hotset-broad-sweep-v2-rerun-20261006-110924/rows/115-final-raw-021-r04-local/logs/xindex_a_hotset-use-local_r1.log
final,raw-021,4,115,local,xindex,a,hotset-use-local,1,local,180.006,30.0019,854605594,2.8485e+07,5143439756,2.85737e+07,1,/home/shin/arbiter/build/arbiter-bench/hotset-broad-sweep-v2-rerun-20261006-110924/rows/115-final-raw-021-r04-local/logs/xindex_a_hotset-use-local_r1.log
final,raw-021,4,116,cxl,xindex,a,hotset-use-target,1,remote,30.0127,30.0127,1719712768,5.72994e+07,1719712768,5.72994e+07,0,/home/shin/arbiter/build/arbiter-bench/hotset-broad-sweep-v2-rerun-20261006-110924/rows/116-final-raw-021-r04-cxl/logs/xindex_a_hotset-use-target_r1.log
final,raw-021,4,116,cxl,xindex,a,hotset-use-target,1,remote,60.0008,29.9881,1726409472,5.75698e+07,3446122240,5.74346e+07,0,/home/shin/arbiter/build/arbiter-bench/hotset-broad-sweep-v2-rerun-20261006-110924/rows/116-final-raw-021-r04-cxl/logs/xindex_a_hotset-use-target_r1.log
final,raw-021,4,116,cxl,xindex,a,hotset-use-target,1,remote,90.0008,30,1723786867,5.74596e+07,5169909107,5.74429e+07,0,/home/shin/arbiter/build/arbiter-bench/hotset-broad-sweep-v2-rerun-20261006-110924/rows/116-final-raw-021-r04-cxl/logs/xindex_a_hotset-use-target_r1.log
final,raw-021,4,116,cxl,xindex,a,hotset-use-target,1,remote,120,29.9994,1720047504,5.7336e+07,6889956611,5.74162e+07,0,/home/shin/arbiter/build/arbiter-bench/hotset-broad-sweep-v2-rerun-20261006-110924/rows/116-final-raw-021-r04-cxl/logs/xindex_a_hotset-use-target_r1.log
final,raw-021,4,116,cxl,xindex,a,hotset-use-target,1,remote,150,30,1724517117,5.74839e+07,8614473728,5.74297e+07,0,/home/shin/arbiter/build/arbiter-bench/hotset-broad-sweep-v2-rerun-20261006-110924/rows/116-final-raw-021-r04-cxl/logs/xindex_a_hotset-use-target_r1.log
final,raw-021,4,116,cxl,xindex,a,hotset-use-target,1,remote,180.004,30.0037,1723144449,5.7431e+07,10337618177,5.74299e+07,1,/home/shin/arbiter/build/arbiter-bench/hotset-broad-sweep-v2-rerun-20261006-110924/rows/116-final-raw-021-r04-cxl/logs/xindex_a_hotset-use-target_r1.log
final,raw-021,5,117,cxl,xindex,a,hotset-use-target,1,remote,30.0049,30.0049,1704821703,5.68182e+07,1704821703,5.68182e+07,0,/home/shin/arbiter/build/arbiter-bench/hotset-broad-sweep-v2-rerun-20261006-110924/rows/117-final-raw-021-r05-cxl/logs/xindex_a_hotset-use-target_r1.log
final,raw-021,5,117,cxl,xindex,a,hotset-use-target,1,remote,60.0003,29.9954,1708790329,5.69684e+07,3413612032,5.68933e+07,0,/home/shin/arbiter/build/arbiter-bench/hotset-broad-sweep-v2-rerun-20261006-110924/rows/117-final-raw-021-r05-cxl/logs/xindex_a_hotset-use-target_r1.log
final,raw-021,5,117,cxl,xindex,a,hotset-use-target,1,remote,90.0007,30.0005,1706475321,5.68816e+07,5120087353,5.68894e+07,0,/home/shin/arbiter/build/arbiter-bench/hotset-broad-sweep-v2-rerun-20261006-110924/rows/117-final-raw-021-r05-cxl/logs/xindex_a_hotset-use-target_r1.log
final,raw-021,5,117,cxl,xindex,a,hotset-use-target,1,remote,120.001,29.9999,1706185019,5.6873e+07,6826272372,5.68853e+07,0,/home/shin/arbiter/build/arbiter-bench/hotset-broad-sweep-v2-rerun-20261006-110924/rows/117-final-raw-021-r05-cxl/logs/xindex_a_hotset-use-target_r1.log
final,raw-021,5,117,cxl,xindex,a,hotset-use-target,1,remote,150,29.9996,1701861263,5.67294e+07,8528133635,5.68541e+07,0,/home/shin/arbiter/build/arbiter-bench/hotset-broad-sweep-v2-rerun-20261006-110924/rows/117-final-raw-021-r05-cxl/logs/xindex_a_hotset-use-target_r1.log
final,raw-021,5,117,cxl,xindex,a,hotset-use-target,1,remote,180.005,30.0048,1702331247,5.67353e+07,10230464882,5.68343e+07,1,/home/shin/arbiter/build/arbiter-bench/hotset-broad-sweep-v2-rerun-20261006-110924/rows/117-final-raw-021-r05-cxl/logs/xindex_a_hotset-use-target_r1.log
final,raw-021,5,118,local,xindex,a,hotset-use-local,1,local,30.0007,30.0007,848963015,2.82981e+07,848963015,2.82981e+07,0,/home/shin/arbiter/build/arbiter-bench/hotset-broad-sweep-v2-rerun-20261006-110924/rows/118-final-raw-021-r05-local/logs/xindex_a_hotset-use-local_r1.log
final,raw-021,5,118,local,xindex,a,hotset-use-local,1,local,60.0005,29.9998,850467072,2.83491e+07,1699430087,2.83236e+07,0,/home/shin/arbiter/build/arbiter-bench/hotset-broad-sweep-v2-rerun-20261006-110924/rows/118-final-raw-021-r05-local/logs/xindex_a_hotset-use-local_r1.log
final,raw-021,5,118,local,xindex,a,hotset-use-local,1,local,90.0005,30,850228167,2.83409e+07,2549658254,2.83294e+07,0,/home/shin/arbiter/build/arbiter-bench/hotset-broad-sweep-v2-rerun-20261006-110924/rows/118-final-raw-021-r05-local/logs/xindex_a_hotset-use-local_r1.log
final,raw-021,5,118,local,xindex,a,hotset-use-local,1,local,120.001,30.0001,848352256,2.82783e+07,3398010510,2.83166e+07,0,/home/shin/arbiter/build/arbiter-bench/hotset-broad-sweep-v2-rerun-20261006-110924/rows/118-final-raw-021-r05-local/logs/xindex_a_hotset-use-local_r1.log
final,raw-021,5,118,local,xindex,a,hotset-use-local,1,local,150,29.9999,849324231,2.83109e+07,4247334741,2.83155e+07,0,/home/shin/arbiter/build/arbiter-bench/hotset-broad-sweep-v2-rerun-20261006-110924/rows/118-final-raw-021-r05-local/logs/xindex_a_hotset-use-local_r1.log
final,raw-021,5,118,local,xindex,a,hotset-use-local,1,local,180.002,30.0019,849333135,2.83093e+07,5096667876,2.83144e+07,1,/home/shin/arbiter/build/arbiter-bench/hotset-broad-sweep-v2-rerun-20261006-110924/rows/118-final-raw-021-r05-local/logs/xindex_a_hotset-use-local_r1.log
final,raw-021,6,119,local,xindex,a,hotset-use-local,1,local,30.0003,30.0003,856394695,2.85462e+07,856394695,2.85462e+07,0,/home/shin/arbiter/build/arbiter-bench/hotset-broad-sweep-v2-rerun-20261006-110924/rows/119-final-raw-021-r06-local/logs/xindex_a_hotset-use-local_r1.log
final,raw-021,6,119,local,xindex,a,hotset-use-local,1,local,60.0042,30.0039,857173248,2.85687e+07,1713567943,2.85575e+07,0,/home/shin/arbiter/build/arbiter-bench/hotset-broad-sweep-v2-rerun-20261006-110924/rows/119-final-raw-021-r06-local/logs/xindex_a_hotset-use-local_r1.log
final,raw-021,6,119,local,xindex,a,hotset-use-local,1,local,90.0045,30.0003,857440455,2.85811e+07,2571008398,2.85653e+07,0,/home/shin/arbiter/build/arbiter-bench/hotset-broad-sweep-v2-rerun-20261006-110924/rows/119-final-raw-021-r06-local/logs/xindex_a_hotset-use-local_r1.log
final,raw-021,6,119,local,xindex,a,hotset-use-local,1,local,120.001,29.9961,859194112,2.86435e+07,3430202510,2.85849e+07,0,/home/shin/arbiter/build/arbiter-bench/hotset-broad-sweep-v2-rerun-20261006-110924/rows/119-final-raw-021-r06-local/logs/xindex_a_hotset-use-local_r1.log
final,raw-021,6,119,local,xindex,a,hotset-use-local,1,local,150,29.9999,858200946,2.86068e+07,4288403456,2.85893e+07,0,/home/shin/arbiter/build/arbiter-bench/hotset-broad-sweep-v2-rerun-20261006-110924/rows/119-final-raw-021-r06-local/logs/xindex_a_hotset-use-local_r1.log
final,raw-021,6,119,local,xindex,a,hotset-use-local,1,local,180.003,30.0022,857805424,2.85914e+07,5146208880,2.85896e+07,1,/home/shin/arbiter/build/arbiter-bench/hotset-broad-sweep-v2-rerun-20261006-110924/rows/119-final-raw-021-r06-local/logs/xindex_a_hotset-use-local_r1.log
final,raw-021,6,120,cxl,xindex,a,hotset-use-target,1,remote,30.0003,30.0003,1723044807,5.74343e+07,1723044807,5.74343e+07,0,/home/shin/arbiter/build/arbiter-bench/hotset-broad-sweep-v2-rerun-20261006-110924/rows/120-final-raw-021-r06-cxl/logs/xindex_a_hotset-use-target_r1.log
final,raw-021,6,120,cxl,xindex,a,hotset-use-target,1,remote,60.0041,30.0039,1726399545,5.75392e+07,3449444352,5.74868e+07,0,/home/shin/arbiter/build/arbiter-bench/hotset-broad-sweep-v2-rerun-20261006-110924/rows/120-final-raw-021-r06-cxl/logs/xindex_a_hotset-use-target_r1.log
final,raw-021,6,120,cxl,xindex,a,hotset-use-target,1,remote,90.0003,29.9961,1720957751,5.73727e+07,5170402103,5.74487e+07,0,/home/shin/arbiter/build/arbiter-bench/hotset-broad-sweep-v2-rerun-20261006-110924/rows/120-final-raw-021-r06-cxl/logs/xindex_a_hotset-use-target_r1.log
final,raw-021,6,120,cxl,xindex,a,hotset-use-target,1,remote,120,30,1724171180,5.74724e+07,6894573283,5.74547e+07,0,/home/shin/arbiter/build/arbiter-bench/hotset-broad-sweep-v2-rerun-20261006-110924/rows/120-final-raw-021-r06-cxl/logs/xindex_a_hotset-use-target_r1.log
final,raw-021,6,120,cxl,xindex,a,hotset-use-target,1,remote,150.004,30.0038,1724050660,5.74611e+07,8618623943,5.74559e+07,0,/home/shin/arbiter/build/arbiter-bench/hotset-broad-sweep-v2-rerun-20261006-110924/rows/120-final-raw-021-r06-cxl/logs/xindex_a_hotset-use-target_r1.log
final,raw-021,6,120,cxl,xindex,a,hotset-use-target,1,remote,180.005,30.001,1718886259,5.72943e+07,10337510202,5.7429e+07,1,/home/shin/arbiter/build/arbiter-bench/hotset-broad-sweep-v2-rerun-20261006-110924/rows/120-final-raw-021-r06-cxl/logs/xindex_a_hotset-use-target_r1.log
final,raw-021,7,121,cxl,xindex,a,hotset-use-target,1,remote,30.0042,30.0042,1703718030,5.67827e+07,1703718030,5.67827e+07,0,/home/shin/arbiter/build/arbiter-bench/hotset-broad-sweep-v2-rerun-20261006-110924/rows/121-final-raw-021-r07-cxl/logs/xindex_a_hotset-use-target_r1.log
final,raw-021,7,121,cxl,xindex,a,hotset-use-target,1,remote,60.0003,29.9961,1697426290,5.65883e+07,3401144320,5.66855e+07,0,/home/shin/arbiter/build/arbiter-bench/hotset-broad-sweep-v2-rerun-20261006-110924/rows/121-final-raw-021-r07-cxl/logs/xindex_a_hotset-use-target_r1.log
final,raw-021,7,121,cxl,xindex,a,hotset-use-target,1,remote,90.0003,30,1698828800,5.66276e+07,5099973120,5.66662e+07,0,/home/shin/arbiter/build/arbiter-bench/hotset-broad-sweep-v2-rerun-20261006-110924/rows/121-final-raw-021-r07-cxl/logs/xindex_a_hotset-use-target_r1.log
final,raw-021,7,121,cxl,xindex,a,hotset-use-target,1,remote,120,30,1700847728,5.66949e+07,6800820848,5.66734e+07,0,/home/shin/arbiter/build/arbiter-bench/hotset-broad-sweep-v2-rerun-20261006-110924/rows/121-final-raw-021-r07-cxl/logs/xindex_a_hotset-use-target_r1.log
final,raw-021,7,121,cxl,xindex,a,hotset-use-target,1,remote,150.004,30.0038,1703469057,5.67751e+07,8504289905,5.66937e+07,0,/home/shin/arbiter/build/arbiter-bench/hotset-broad-sweep-v2-rerun-20261006-110924/rows/121-final-raw-021-r07-cxl/logs/xindex_a_hotset-use-target_r1.log
final,raw-021,7,121,cxl,xindex,a,hotset-use-target,1,remote,180.004,29.9996,1705346134,5.68456e+07,10209636039,5.6719e+07,1,/home/shin/arbiter/build/arbiter-bench/hotset-broad-sweep-v2-rerun-20261006-110924/rows/121-final-raw-021-r07-cxl/logs/xindex_a_hotset-use-target_r1.log
final,raw-021,7,122,local,xindex,a,hotset-use-local,1,local,30.0005,30.0005,854380487,2.84789e+07,854380487,2.84789e+07,0,/home/shin/arbiter/build/arbiter-bench/hotset-broad-sweep-v2-rerun-20261006-110924/rows/122-final-raw-021-r07-local/logs/xindex_a_hotset-use-local_r1.log
final,raw-021,7,122,local,xindex,a,hotset-use-local,1,local,60.0008,30.0003,856643072,2.85545e+07,1711023559,2.85167e+07,0,/home/shin/arbiter/build/arbiter-bench/hotset-broad-sweep-v2-rerun-20261006-110924/rows/122-final-raw-021-r07-local/logs/xindex_a_hotset-use-local_r1.log
final,raw-021,7,122,local,xindex,a,hotset-use-local,1,local,90.0005,29.9997,855163904,2.85058e+07,2566187463,2.8513e+07,0,/home/shin/arbiter/build/arbiter-bench/hotset-broad-sweep-v2-rerun-20261006-110924/rows/122-final-raw-021-r07-local/logs/xindex_a_hotset-use-local_r1.log
final,raw-021,7,122,local,xindex,a,hotset-use-local,1,local,120.001,30.0001,851856839,2.83951e+07,3418044302,2.84836e+07,0,/home/shin/arbiter/build/arbiter-bench/hotset-broad-sweep-v2-rerun-20261006-110924/rows/122-final-raw-021-r07-local/logs/xindex_a_hotset-use-local_r1.log
final,raw-021,7,122,local,xindex,a,hotset-use-local,1,local,150.004,30.0038,852901320,2.84265e+07,4270945622,2.84721e+07,0,/home/shin/arbiter/build/arbiter-bench/hotset-broad-sweep-v2-rerun-20261006-110924/rows/122-final-raw-021-r07-local/logs/xindex_a_hotset-use-local_r1.log
final,raw-021,7,122,local,xindex,a,hotset-use-local,1,local,180.002,29.9979,851855673,2.83971e+07,5122801295,2.84596e+07,1,/home/shin/arbiter/build/arbiter-bench/hotset-broad-sweep-v2-rerun-20261006-110924/rows/122-final-raw-021-r07-local/logs/xindex_a_hotset-use-local_r1.log
final,raw-082,4,123,local,xindex,a,hotset-use-local,1,local,30.0005,30.0005,863833031,2.8794e+07,863833031,2.8794e+07,0,/home/shin/arbiter/build/arbiter-bench/hotset-broad-sweep-v2-rerun-20261006-110924/rows/123-final-raw-082-r04-local/logs/xindex_a_hotset-use-local_r1.log
final,raw-082,4,123,local,xindex,a,hotset-use-local,1,local,60.0005,30,863048448,2.87683e+07,1726881479,2.87811e+07,0,/home/shin/arbiter/build/arbiter-bench/hotset-broad-sweep-v2-rerun-20261006-110924/rows/123-final-raw-082-r04-local/logs/xindex_a_hotset-use-local_r1.log
final,raw-082,4,123,local,xindex,a,hotset-use-local,1,local,90.0005,30,862042823,2.87348e+07,2588924302,2.87657e+07,0,/home/shin/arbiter/build/arbiter-bench/hotset-broad-sweep-v2-rerun-20261006-110924/rows/123-final-raw-082-r04-local/logs/xindex_a_hotset-use-local_r1.log
final,raw-082,4,123,local,xindex,a,hotset-use-local,1,local,120,30,862648576,2.8755e+07,3451572878,2.8763e+07,0,/home/shin/arbiter/build/arbiter-bench/hotset-broad-sweep-v2-rerun-20261006-110924/rows/123-final-raw-082-r04-local/logs/xindex_a_hotset-use-local_r1.log
final,raw-082,4,123,local,xindex,a,hotset-use-local,1,local,150.004,30.0037,862008008,2.87301e+07,4313580886,2.87564e+07,0,/home/shin/arbiter/build/arbiter-bench/hotset-broad-sweep-v2-rerun-20261006-110924/rows/123-final-raw-082-r04-local/logs/xindex_a_hotset-use-local_r1.log
final,raw-082,4,123,local,xindex,a,hotset-use-local,1,local,180.004,29.9997,864779720,2.88263e+07,5178360606,2.87681e+07,1,/home/shin/arbiter/build/arbiter-bench/hotset-broad-sweep-v2-rerun-20261006-110924/rows/123-final-raw-082-r04-local/logs/xindex_a_hotset-use-local_r1.log
final,raw-082,4,124,cxl,xindex,a,hotset-use-target,1,remote,30.0004,30.0004,1380027335,4.60003e+07,1380027335,4.60003e+07,0,/home/shin/arbiter/build/arbiter-bench/hotset-broad-sweep-v2-rerun-20261006-110924/rows/124-final-raw-082-r04-cxl/logs/xindex_a_hotset-use-target_r1.log
final,raw-082,4,124,cxl,xindex,a,hotset-use-target,1,remote,60.0004,30,1385776186,4.61925e+07,2765803521,4.60964e+07,0,/home/shin/arbiter/build/arbiter-bench/hotset-broad-sweep-v2-rerun-20261006-110924/rows/124-final-raw-082-r04-cxl/logs/xindex_a_hotset-use-target_r1.log
final,raw-082,4,124,cxl,xindex,a,hotset-use-target,1,remote,90.0003,29.9999,1383977300,4.61327e+07,4149780821,4.61085e+07,0,/home/shin/arbiter/build/arbiter-bench/hotset-broad-sweep-v2-rerun-20261006-110924/rows/124-final-raw-082-r04-cxl/logs/xindex_a_hotset-use-target_r1.log
final,raw-082,4,124,cxl,xindex,a,hotset-use-target,1,remote,120,30.0001,1389878956,4.63291e+07,5539659777,4.61637e+07,0,/home/shin/arbiter/build/arbiter-bench/hotset-broad-sweep-v2-rerun-20261006-110924/rows/124-final-raw-082-r04-cxl/logs/xindex_a_hotset-use-target_r1.log
final,raw-082,4,124,cxl,xindex,a,hotset-use-target,1,remote,150.004,30.0038,1389887458,4.63238e+07,6929547235,4.61957e+07,0,/home/shin/arbiter/build/arbiter-bench/hotset-broad-sweep-v2-rerun-20261006-110924/rows/124-final-raw-082-r04-cxl/logs/xindex_a_hotset-use-target_r1.log
final,raw-082,4,124,cxl,xindex,a,hotset-use-target,1,remote,180.003,29.9992,1391518892,4.63852e+07,8321066127,4.62273e+07,1,/home/shin/arbiter/build/arbiter-bench/hotset-broad-sweep-v2-rerun-20261006-110924/rows/124-final-raw-082-r04-cxl/logs/xindex_a_hotset-use-target_r1.log
final,raw-082,5,125,cxl,xindex,a,hotset-use-target,1,remote,30.0042,30.0042,1185655468,3.95163e+07,1185655468,3.95163e+07,0,/home/shin/arbiter/build/arbiter-bench/hotset-broad-sweep-v2-rerun-20261006-110924/rows/125-final-raw-082-r05-cxl/logs/xindex_a_hotset-use-target_r1.log
final,raw-082,5,125,cxl,xindex,a,hotset-use-target,1,remote,60.0003,29.9961,1178578662,3.92911e+07,2364234130,3.94037e+07,0,/home/shin/arbiter/build/arbiter-bench/hotset-broad-sweep-v2-rerun-20261006-110924/rows/125-final-raw-082-r05-cxl/logs/xindex_a_hotset-use-target_r1.log
final,raw-082,5,125,cxl,xindex,a,hotset-use-target,1,remote,90.0041,30.0038,1185860697,3.95237e+07,3550094827,3.94437e+07,0,/home/shin/arbiter/build/arbiter-bench/hotset-broad-sweep-v2-rerun-20261006-110924/rows/125-final-raw-082-r05-cxl/logs/xindex_a_hotset-use-target_r1.log
final,raw-082,5,125,cxl,xindex,a,hotset-use-target,1,remote,120,29.9964,1200688242,4.00278e+07,4750783069,3.95897e+07,0,/home/shin/arbiter/build/arbiter-bench/hotset-broad-sweep-v2-rerun-20261006-110924/rows/125-final-raw-082-r05-cxl/logs/xindex_a_hotset-use-target_r1.log
final,raw-082,5,125,cxl,xindex,a,hotset-use-target,1,remote,150,30,1202550358,4.0085e+07,5953333427,3.96888e+07,0,/home/shin/arbiter/build/arbiter-bench/hotset-broad-sweep-v2-rerun-20261006-110924/rows/125-final-raw-082-r05-cxl/logs/xindex_a_hotset-use-target_r1.log
final,raw-082,5,125,cxl,xindex,a,hotset-use-target,1,remote,180.006,30.0054,1202782294,4.00855e+07,7156115721,3.97549e+07,1,/home/shin/arbiter/build/arbiter-bench/hotset-broad-sweep-v2-rerun-20261006-110924/rows/125-final-raw-082-r05-cxl/logs/xindex_a_hotset-use-target_r1.log
final,raw-082,5,126,local,xindex,a,hotset-use-local,1,local,30.0005,30.0005,860097735,2.86695e+07,860097735,2.86695e+07,0,/home/shin/arbiter/build/arbiter-bench/hotset-broad-sweep-v2-rerun-20261006-110924/rows/126-final-raw-082-r05-local/logs/xindex_a_hotset-use-local_r1.log
final,raw-082,5,126,local,xindex,a,hotset-use-local,1,local,60.0004,29.9999,861673728,2.87226e+07,1721771463,2.8696e+07,0,/home/shin/arbiter/build/arbiter-bench/hotset-broad-sweep-v2-rerun-20261006-110924/rows/126-final-raw-082-r05-local/logs/xindex_a_hotset-use-local_r1.log
final,raw-082,5,126,local,xindex,a,hotset-use-local,1,local,90.0042,30.0038,860755655,2.86882e+07,2582527118,2.86934e+07,0,/home/shin/arbiter/build/arbiter-bench/hotset-broad-sweep-v2-rerun-20261006-110924/rows/126-final-raw-082-r05-local/logs/xindex_a_hotset-use-local_r1.log
final,raw-082,5,126,local,xindex,a,hotset-use-local,1,local,120.004,30,860236288,2.86745e+07,3442763406,2.86887e+07,0,/home/shin/arbiter/build/arbiter-bench/hotset-broad-sweep-v2-rerun-20261006-110924/rows/126-final-raw-082-r05-local/logs/xindex_a_hotset-use-local_r1.log
final,raw-082,5,126,local,xindex,a,hotset-use-local,1,local,150.001,29.9965,861162070,2.87087e+07,4303925476,2.86927e+07,0,/home/shin/arbiter/build/arbiter-bench/hotset-broad-sweep-v2-rerun-20261006-110924/rows/126-final-raw-082-r05-local/logs/xindex_a_hotset-use-local_r1.log
final,raw-082,5,126,local,xindex,a,hotset-use-local,1,local,180.002,30.001,860810753,2.86928e+07,5164736229,2.86927e+07,1,/home/shin/arbiter/build/arbiter-bench/hotset-broad-sweep-v2-rerun-20261006-110924/rows/126-final-raw-082-r05-local/logs/xindex_a_hotset-use-local_r1.log
final,raw-082,6,127,local,xindex,a,hotset-use-local,1,local,30.0087,30.0087,874855541,2.91534e+07,874855541,2.91534e+07,0,/home/shin/arbiter/build/arbiter-bench/hotset-broad-sweep-v2-rerun-20261006-110924/rows/127-final-raw-082-r06-local/logs/xindex_a_hotset-use-local_r1.log
final,raw-082,6,127,local,xindex,a,hotset-use-local,1,local,60.0005,29.9918,872002130,2.90747e+07,1746857671,2.91141e+07,0,/home/shin/arbiter/build/arbiter-bench/hotset-broad-sweep-v2-rerun-20261006-110924/rows/127-final-raw-082-r06-local/logs/xindex_a_hotset-use-local_r1.log
final,raw-082,6,127,local,xindex,a,hotset-use-local,1,local,90.0005,30,869203399,2.89735e+07,2616061070,2.90672e+07,0,/home/shin/arbiter/build/arbiter-bench/hotset-broad-sweep-v2-rerun-20261006-110924/rows/127-final-raw-082-r06-local/logs/xindex_a_hotset-use-local_r1.log
final,raw-082,6,127,local,xindex,a,hotset-use-local,1,local,120.001,30.0002,870770973,2.90255e+07,3486832043,2.90568e+07,0,/home/shin/arbiter/build/arbiter-bench/hotset-broad-sweep-v2-rerun-20261006-110924/rows/127-final-raw-082-r06-local/logs/xindex_a_hotset-use-local_r1.log
final,raw-082,6,127,local,xindex,a,hotset-use-local,1,local,150,29.9997,870799674,2.9027e+07,4357631717,2.90508e+07,0,/home/shin/arbiter/build/arbiter-bench/hotset-broad-sweep-v2-rerun-20261006-110924/rows/127-final-raw-082-r06-local/logs/xindex_a_hotset-use-local_r1.log
final,raw-082,6,127,local,xindex,a,hotset-use-local,1,local,180.005,30.0047,877492310,2.92452e+07,5235124027,2.90832e+07,1,/home/shin/arbiter/build/arbiter-bench/hotset-broad-sweep-v2-rerun-20261006-110924/rows/127-final-raw-082-r06-local/logs/xindex_a_hotset-use-local_r1.log
final,raw-082,6,128,cxl,xindex,a,hotset-use-target,1,remote,30.0003,30.0003,1403639751,4.67876e+07,1403639751,4.67876e+07,0,/home/shin/arbiter/build/arbiter-bench/hotset-broad-sweep-v2-rerun-20261006-110924/rows/128-final-raw-082-r06-cxl/logs/xindex_a_hotset-use-target_r1.log
final,raw-082,6,128,cxl,xindex,a,hotset-use-target,1,remote,60.0003,30,1404012117,4.68004e+07,2807651868,4.6794e+07,0,/home/shin/arbiter/build/arbiter-bench/hotset-broad-sweep-v2-rerun-20261006-110924/rows/128-final-raw-082-r06-cxl/logs/xindex_a_hotset-use-target_r1.log
final,raw-082,6,128,cxl,xindex,a,hotset-use-target,1,remote,90.0004,30.0001,1405351993,4.68449e+07,4213003861,4.6811e+07,0,/home/shin/arbiter/build/arbiter-bench/hotset-broad-sweep-v2-rerun-20261006-110924/rows/128-final-raw-082-r06-cxl/logs/xindex_a_hotset-use-target_r1.log
final,raw-082,6,128,cxl,xindex,a,hotset-use-target,1,remote,120,30,1404910933,4.68304e+07,5617914794,4.68158e+07,0,/home/shin/arbiter/build/arbiter-bench/hotset-broad-sweep-v2-rerun-20261006-110924/rows/128-final-raw-082-r06-cxl/logs/xindex_a_hotset-use-target_r1.log
final,raw-082,6,128,cxl,xindex,a,hotset-use-target,1,remote,150,30,1392005945,4.64002e+07,7009920739,4.67327e+07,0,/home/shin/arbiter/build/arbiter-bench/hotset-broad-sweep-v2-rerun-20261006-110924/rows/128-final-raw-082-r06-cxl/logs/xindex_a_hotset-use-target_r1.log
final,raw-082,6,128,cxl,xindex,a,hotset-use-target,1,remote,180.004,30.0033,1394681628,4.64843e+07,8404602367,4.66913e+07,1,/home/shin/arbiter/build/arbiter-bench/hotset-broad-sweep-v2-rerun-20261006-110924/rows/128-final-raw-082-r06-cxl/logs/xindex_a_hotset-use-target_r1.log
final,raw-082,7,129,cxl,xindex,a,hotset-use-target,1,remote,30.0003,30.0003,1408699591,4.69562e+07,1408699591,4.69562e+07,0,/home/shin/arbiter/build/arbiter-bench/hotset-broad-sweep-v2-rerun-20261006-110924/rows/129-final-raw-082-r07-cxl/logs/xindex_a_hotset-use-target_r1.log
final,raw-082,7,129,cxl,xindex,a,hotset-use-target,1,remote,60.0004,30.0001,1407560647,4.69185e+07,2816260238,4.69374e+07,0,/home/shin/arbiter/build/arbiter-bench/hotset-broad-sweep-v2-rerun-20261006-110924/rows/129-final-raw-082-r07-cxl/logs/xindex_a_hotset-use-target_r1.log
final,raw-082,7,129,cxl,xindex,a,hotset-use-target,1,remote,90.0003,29.9999,1405655751,4.68554e+07,4221915989,4.691e+07,0,/home/shin/arbiter/build/arbiter-bench/hotset-broad-sweep-v2-rerun-20261006-110924/rows/129-final-raw-082-r07-cxl/logs/xindex_a_hotset-use-target_r1.log
final,raw-082,7,129,cxl,xindex,a,hotset-use-target,1,remote,120.004,30.0038,1407894727,4.69238e+07,5629810716,4.69135e+07,0,/home/shin/arbiter/build/arbiter-bench/hotset-broad-sweep-v2-rerun-20261006-110924/rows/129-final-raw-082-r07-cxl/logs/xindex_a_hotset-use-target_r1.log
final,raw-082,7,129,cxl,xindex,a,hotset-use-target,1,remote,150.001,29.9965,1405086208,4.68417e+07,7034896924,4.68991e+07,0,/home/shin/arbiter/build/arbiter-bench/hotset-broad-sweep-v2-rerun-20261006-110924/rows/129-final-raw-082-r07-cxl/logs/xindex_a_hotset-use-target_r1.log
final,raw-082,7,129,cxl,xindex,a,hotset-use-target,1,remote,180.004,30.0031,1409325454,4.69726e+07,8444222378,4.69114e+07,1,/home/shin/arbiter/build/arbiter-bench/hotset-broad-sweep-v2-rerun-20261006-110924/rows/129-final-raw-082-r07-cxl/logs/xindex_a_hotset-use-target_r1.log
final,raw-082,7,130,local,xindex,a,hotset-use-local,1,local,30.0095,30.0095,859856327,2.86528e+07,859856327,2.86528e+07,0,/home/shin/arbiter/build/arbiter-bench/hotset-broad-sweep-v2-rerun-20261006-110924/rows/130-final-raw-082-r07-local/logs/xindex_a_hotset-use-local_r1.log
final,raw-082,7,130,local,xindex,a,hotset-use-local,1,local,60.0004,29.9909,858685184,2.86315e+07,1718541511,2.86422e+07,0,/home/shin/arbiter/build/arbiter-bench/hotset-broad-sweep-v2-rerun-20261006-110924/rows/130-final-raw-082-r07-local/logs/xindex_a_hotset-use-local_r1.log
final,raw-082,7,130,local,xindex,a,hotset-use-local,1,local,90.0004,30,861280711,2.87094e+07,2579822222,2.86646e+07,0,/home/shin/arbiter/build/arbiter-bench/hotset-broad-sweep-v2-rerun-20261006-110924/rows/130-final-raw-082-r07-local/logs/xindex_a_hotset-use-local_r1.log
final,raw-082,7,130,local,xindex,a,hotset-use-local,1,local,120.001,30.0009,858810368,2.86262e+07,3438632590,2.8655e+07,0,/home/shin/arbiter/build/arbiter-bench/hotset-broad-sweep-v2-rerun-20261006-110924/rows/130-final-raw-082-r07-local/logs/xindex_a_hotset-use-local_r1.log
final,raw-082,7,130,local,xindex,a,hotset-use-local,1,local,150.001,29.9993,859808623,2.86609e+07,4298441213,2.86562e+07,0,/home/shin/arbiter/build/arbiter-bench/hotset-broad-sweep-v2-rerun-20261006-110924/rows/130-final-raw-082-r07-local/logs/xindex_a_hotset-use-local_r1.log
final,raw-082,7,130,local,xindex,a,hotset-use-local,1,local,180.002,30.0016,860758927,2.86904e+07,5159200140,2.86619e+07,1,/home/shin/arbiter/build/arbiter-bench/hotset-broad-sweep-v2-rerun-20261006-110924/rows/130-final-raw-082-r07-local/logs/xindex_a_hotset-use-local_r1.log
native-end,native,3,131,native,xindex,a,native,1,native,10.0005,10.0005,274341376,2.74328e+07,274341376,2.74328e+07,0,/home/shin/arbiter/build/arbiter-bench/hotset-broad-sweep-v2-rerun-20261006-110924/rows/131-native-end-native-r03-native/logs/xindex_a_native_r1.log
native-end,native,3,131,native,xindex,a,native,1,native,20.004,10.0036,274432256,2.74334e+07,548773632,2.74331e+07,0,/home/shin/arbiter/build/arbiter-bench/hotset-broad-sweep-v2-rerun-20261006-110924/rows/131-native-end-native-r03-native/logs/xindex_a_native_r1.log
native-end,native,3,131,native,xindex,a,native,1,native,30.0006,9.99653,273833927,2.73929e+07,822607559,2.74197e+07,0,/home/shin/arbiter/build/arbiter-bench/hotset-broad-sweep-v2-rerun-20261006-110924/rows/131-native-end-native-r03-native/logs/xindex_a_native_r1.log
native-end,native,3,131,native,xindex,a,native,1,native,40.0005,9.9999,274423609,2.74426e+07,1097031168,2.74255e+07,0,/home/shin/arbiter/build/arbiter-bench/hotset-broad-sweep-v2-rerun-20261006-110924/rows/131-native-end-native-r03-native/logs/xindex_a_native_r1.log
native-end,native,3,131,native,xindex,a,native,1,native,50.0042,10.0037,273908167,2.73807e+07,1370939335,2.74165e+07,0,/home/shin/arbiter/build/arbiter-bench/hotset-broad-sweep-v2-rerun-20261006-110924/rows/131-native-end-native-r03-native/logs/xindex_a_native_r1.log
native-end,native,3,131,native,xindex,a,native,1,native,60.0025,9.99838,274757888,2.74802e+07,1645697223,2.74271e+07,1,/home/shin/arbiter/build/arbiter-bench/hotset-broad-sweep-v2-rerun-20261006-110924/rows/131-native-end-native-r03-native/logs/xindex_a_native_r1.log
